date,signal,prob_up,confidence
2020-09-11 00:00:00-04:00,0.0,0.983575,0.4946926547035608
2020-09-14 00:00:00-04:00,0.0,0.0125,0.4370906995104953
2020-09-15 00:00:00-04:00,0.0,0.07,0.4258456276225253
2020-09-16 00:00:00-04:00,0.0,0.9644632034632035,0.4830572771158867
2020-09-17 00:00:00-04:00,0.0,0.399722349545879,0.41675238481432725
2020-09-18 00:00:00-04:00,0.0,0.9777965367965368,0.5007924901571923
2020-09-21 00:00:00-04:00,0.0,0.20484516129032257,0.4882499784097998
2020-09-22 00:00:00-04:00,0.0,0.0325,0.4270011536580004
2020-09-23 00:00:00-04:00,0.0,0.9477965367965367,0.46099339595705796
2020-09-24 00:00:00-04:00,0.0,0.983575,0.531254878626856
2020-09-25 00:00:00-04:00,0.0,0.03,0.4533836297493853
2020-09-28 00:00:00-04:00,0.0,0.06,0.48658752960976737
2020-09-29 00:00:00-04:00,0.0,0.8841512605042017,0.4463020612049095
2020-09-30 00:00:00-04:00,0.0,0.36033165672065925,0.38874993247803824
2020-10-01 00:00:00-04:00,0.0,0.9082311858750904,0.4640297101827963
2020-10-02 00:00:00-04:00,0.0,1.0,0.5167848792660324
2020-10-05 00:00:00-04:00,0.0,0.04,0.4302134070558036
2020-10-06 00:00:00-04:00,0.0,1.0,0.5093834128964035
2020-10-07 00:00:00-04:00,0.0,0.015386885578189924,0.407399282233187
2020-10-08 00:00:00-04:00,0.0,0.9506460746460746,0.46213967669929107
2020-10-09 00:00:00-04:00,0.0,0.6827020703933748,0.41038891710466985
2020-10-12 00:00:00-04:00,0.0,0.08134452084324206,0.43267137357527613
2020-10-13 00:00:00-04:00,0.0,0.4956474649381626,0.438005451919054
2020-10-14 00:00:00-04:00,0.0,0.8934756367663342,0.45205352163455387
2020-10-15 00:00:00-04:00,0.0,0.035386885578189926,0.4241252282175526
2020-10-16 00:00:00-04:00,0.0,0.17634560309432434,0.40985585730608404
2020-10-19 00:00:00-04:00,0.0,0.8950686868686869,0.47354255897289804
2020-10-20 00:00:00-04:00,0.0,0.848531354834424,0.4439942148746855
2020-10-21 00:00:00-04:00,0.0,0.05538688557818992,0.4122975656303868
2020-10-22 00:00:00-04:00,0.0,0.3627073260073259,0.3870216197259364
2020-10-23 00:00:00-04:00,0.0,0.7643771152573277,0.42654662196707105
2020-10-26 00:00:00-04:00,0.0,0.17156851920009814,0.3986518720955715
2020-10-27 00:00:00-04:00,0.0,0.09798387096774194,0.5022086541027889
2020-10-28 00:00:00-04:00,0.0,0.13544698009434852,0.404832077351869
2020-10-29 00:00:00-04:00,0.0,0.04731047675588318,0.4173699182863936
2020-10-30 00:00:00-04:00,0.0,0.3441918234862507,0.4014190047647282
2020-11-02 00:00:00-05:00,0.0,0.8045509977827051,0.48894178785890274
2020-11-03 00:00:00-05:00,0.0,0.802050997782705,0.46907573863386426
2020-11-04 00:00:00-05:00,0.0,0.9451937669376694,0.45517489958453705
2020-11-05 00:00:00-05:00,0.0,0.9377908351810791,0.45662664447444745
2020-11-06 00:00:00-05:00,0.0,0.36960862955599794,0.42092774475803235
2020-11-09 00:00:00-05:00,0.0,0.7571571620966862,0.4286049913427809
2020-11-10 00:00:00-05:00,0.0,0.945120596205962,0.5169471851027779
2020-11-11 00:00:00-05:00,0.0,0.052460390056034346,0.4083232340635664
2020-11-12 00:00:00-05:00,0.0,0.08431348491969398,0.42232106607492864
2020-11-13 00:00:00-05:00,0.0,0.12556553441153176,0.39857931416567266
2020-11-16 00:00:00-05:00,0.0,0.08913814616755794,0.4659399130854115
2020-11-17 00:00:00-05:00,0.0,0.08833787390554307,0.44815822332234234
2020-11-18 00:00:00-05:00,0.0,0.9383337271750806,0.45916156452234685
2020-11-19 00:00:00-05:00,0.0,0.11380697733638909,0.4767200092644558
2020-11-20 00:00:00-05:00,0.0,0.06096728608928464,0.402530897308105
2020-11-23 00:00:00-05:00,0.0,0.9392931473067696,0.5120337020418624
2020-11-24 00:00:00-05:00,0.0,0.936796975843629,0.47140695279795974
2020-11-25 00:00:00-05:00,0.0,0.6905231345172131,0.4278156201214657
2020-11-27 00:00:00-05:00,0.0,0.31953264571685625,0.43512861908638967
2020-11-30 00:00:00-05:00,0.0,0.9927326007326007,0.5209108787890722
2020-12-01 00:00:00-05:00,0.0,0.9077955871541818,0.44025928933582464
2020-12-02 00:00:00-05:00,0.0,0.13846252784189966,0.43929249482813765
2020-12-03 00:00:00-05:00,0.0,0.13444668889116826,0.4269930018729298
2020-12-04 00:00:00-05:00,0.0,0.9840599021574632,0.479028364647497
2020-12-07 00:00:00-05:00,0.0,0.9364778936910085,0.4920002337213532
2020-12-08 00:00:00-05:00,0.0,0.09978233593993008,0.5049098244380865
2020-12-09 00:00:00-05:00,0.0,0.9840599021574632,0.4809650829470925
2020-12-10 00:00:00-05:00,0.0,0.9907265688241299,0.4912902679561601
2020-12-11 00:00:00-05:00,0.0,0.9907265688241299,0.49244784976234296
2020-12-14 00:00:00-05:00,0.0,0.9840599021574632,0.47679012681236127
2020-12-15 00:00:00-05:00,0.0,0.9882383554514702,0.4348755595343086
2020-12-16 00:00:00-05:00,0.0,0.9836789497765107,0.4736874666332231
2020-12-17 00:00:00-05:00,0.0,0.8697485119616267,0.4144217786447975
2020-12-18 00:00:00-05:00,0.0,0.36590468013364225,0.4380835941470437
2020-12-21 00:00:00-05:00,0.0,0.9903456164431774,0.49983314597578965
2020-12-22 00:00:00-05:00,0.0,0.01957623769035356,0.42125947714823136
2020-12-23 00:00:00-05:00,0.0,0.42913873204551484,0.41302281659662315
2020-12-24 00:00:00-05:00,0.0,0.45974372557267307,0.3914382943424687
2020-12-28 00:00:00-05:00,0.0,0.1592070675424644,0.4849638336994017
2020-12-29 00:00:00-05:00,0.0,0.15788822696275426,0.4781262123681868
2020-12-30 00:00:00-05:00,0.0,0.2648944529349245,0.44650103663973023
2020-12-31 00:00:00-05:00,0.0,0.08821783067293903,0.4217288545327585
2021-01-04 00:00:00-05:00,0.0,0.20135768789174363,0.4122303626494806
2021-01-05 00:00:00-05:00,0.0,0.969715788437472,0.5000884064395672
2021-01-06 00:00:00-05:00,0.0,0.9268271769017042,0.4953082106070917
2021-01-07 00:00:00-05:00,0.0,0.15757617528670165,0.4030596631366065
2021-01-08 00:00:00-05:00,0.0,0.20198824802871956,0.43512560602009803
2021-01-11 00:00:00-05:00,0.0,0.8246996269662595,0.4374787984165416
2021-01-12 00:00:00-05:00,0.0,0.392518655321287,0.39781330023825945
2021-01-13 00:00:00-05:00,0.0,0.06545787545787546,0.5203472117752895
2021-01-14 00:00:00-05:00,0.0,0.06724397759103642,0.433183292494424
2021-01-15 00:00:00-05:00,0.0,0.9346677128285187,0.439855205801414
2021-01-19 00:00:00-05:00,0.0,0.7765196078431373,0.45295338711128985
2021-01-20 00:00:00-05:00,0.0,0.6579769483642246,0.4179267669414041
2021-01-21 00:00:00-05:00,0.0,0.5191689369312131,0.4099758053515909
2021-01-22 00:00:00-05:00,0.0,0.6607927031816127,0.4312759120753016
2021-01-25 00:00:00-05:00,0.0,0.02045826330532213,0.4705928764314813
2021-01-26 00:00:00-05:00,0.0,0.02045826330532213,0.48035733914090817
2021-01-27 00:00:00-05:00,0.0,0.022458263305322128,0.47568867122842495
2021-01-28 00:00:00-05:00,0.0,0.22903418183956145,0.37642156290600015
2021-01-29 00:00:00-05:00,0.0,0.9412598675833971,0.46758826779911233
2021-02-01 00:00:00-05:00,0.0,0.9870839451570101,0.5418773244260375
2021-02-02 00:00:00-05:00,0.0,0.9548676533877771,0.5517640376440023
2021-02-03 00:00:00-05:00,0.0,0.9548676533877771,0.5277201497903798
2021-02-04 00:00:00-05:00,0.0,0.08438531898942114,0.4152836860516952
2021-02-05 00:00:00-05:00,0.0,0.9655926427492537,0.46221593631300195
2021-02-08 00:00:00-05:00,0.0,0.05666666666666667,0.46500933569382286
2021-02-09 00:00:00-05:00,0.0,0.045625,0.4955825810387431
2021-02-10 00:00:00-05:00,0.0,0.1422443260930103,0.4774738139398036
2021-02-11 00:00:00-05:00,0.0,0.18694808712958866,0.3772327191121516
2021-02-12 00:00:00-05:00,0.0,0.057777777777777775,0.5187708578956058
2021-02-16 00:00:00-05:00,0.0,0.36886635586635586,0.405634779542549
2021-02-17 00:00:00-05:00,0.0,0.8873333333333333,0.47796254238472735
2021-02-18 00:00:00-05:00,0.0,0.465103467661248,0.40622197470055377
2021-02-19 00:00:00-05:00,0.0,0.1582905982905983,0.4162092362597285
2021-02-22 00:00:00-05:00,0.0,0.9645370278192579,0.4947713689576981
2021-02-23 00:00:00-05:00,0.0,0.1549090909090909,0.4269481786190108
2021-02-24 00:00:00-05:00,0.0,0.19502564102564102,0.440228182881935
2021-02-25 00:00:00-05:00,0.0,0.9964182922929327,0.5239984405979548
2021-02-26 00:00:00-05:00,0.0,0.9964182922929327,0.5219828797325525
2021-03-01 00:00:00-05:00,0.0,0.057498299319727886,0.4757091544520787
2021-03-02 00:00:00-05:00,0.0,0.057498299319727886,0.4738862656009129
2021-03-03 00:00:00-05:00,0.0,0.7375317755128024,0.40093521780728353
2021-03-04 00:00:00-05:00,0.0,0.02962140670120296,0.42927398270897155
2021-03-05 00:00:00-05:00,0.0,0.06991688899668526,0.38645057799056637
2021-03-08 00:00:00-05:00,0.0,0.9964182922929327,0.520003498886529
2021-03-09 00:00:00-05:00,0.0,0.09888663967611334,0.41828821524500165
2021-03-10 00:00:00-05:00,0.0,0.6396209784667113,0.4058556808839046
2021-03-11 00:00:00-05:00,0.0,0.9272999862175824,0.48836083061442354
2021-03-12 00:00:00-05:00,0.0,0.8905036084966317,0.44643803790150605
2021-03-15 00:00:00-04:00,0.0,0.04021719332894448,0.47219697040032005
2021-03-16 00:00:00-04:00,0.0,0.1043165381005044,0.43326010651335695
2021-03-17 00:00:00-04:00,0.0,0.09922881880225878,0.428541273977516
2021-03-18 00:00:00-04:00,0.0,0.9950849589595994,0.4997105923283188
2021-03-19 00:00:00-04:00,0.0,0.9426530740935043,0.4797633019077866
2021-03-22 00:00:00-04:00,0.0,0.37952448692171925,0.446210644132381
2021-03-23 00:00:00-04:00,0.0,0.5188426297036481,0.43236789375425266
2021-03-24 00:00:00-04:00,0.0,0.9386530740935042,0.4742240932571976
2021-03-25 00:00:00-04:00,0.0,0.9063330983703026,0.45021686366149594
2021-03-26 00:00:00-04:00,0.0,0.3523543335973705,0.41069344094344784
2021-03-29 00:00:00-04:00,0.0,0.9370522174954224,0.48847550050109123
2021-03-30 00:00:00-04:00,0.0,0.9919191984486102,0.5475792874464342
2021-03-31 00:00:00-04:00,0.0,0.42503541825184293,0.4308969067455899
2021-04-01 00:00:00-04:00,0.0,0.4136717818882066,0.42769274277378677
2021-04-05 00:00:00-04:00,0.0,0.05700924663739135,0.42254865739959546
2021-04-06 00:00:00-04:00,0.0,0.4111695357067151,0.4286771979450212
2021-04-07 00:00:00-04:00,0.0,0.9570061345461137,0.4652199711917863
2021-04-08 00:00:00-04:00,0.0,0.9472494081614464,0.468135010790445
2021-04-09 00:00:00-04:00,0.0,0.2243161105021719,0.4403393170805139
2021-04-12 00:00:00-04:00,0.0,0.8449990086354242,0.4529073728865712
2021-04-13 00:00:00-04:00,0.0,0.034163173454284476,0.4606557390661401
2021-04-14 00:00:00-04:00,0.0,0.4258478810852383,0.40281467506487706
2021-04-15 00:00:00-04:00,0.0,0.08935538973473606,0.44282535230828945
2021-04-16 00:00:00-04:00,0.0,0.5385695255241044,0.44488722984439427
2021-04-19 00:00:00-04:00,0.0,0.8821965452847806,0.4441564871819463
2021-04-20 00:00:00-04:00,0.0,0.9358564122127606,0.47487576818041016
2021-04-21 00:00:00-04:00,0.0,0.02580610935981645,0.4168932923588261
2021-04-22 00:00:00-04:00,0.0,0.9786025235032162,0.49293240550670375
2021-04-23 00:00:00-04:00,0.0,0.8698614718614718,0.45959452686852426
2021-04-26 00:00:00-04:00,0.0,0.08053186032297134,0.44318679361672253
2021-04-27 00:00:00-04:00,0.0,0.11083839470841463,0.4216211995553884
2021-04-28 00:00:00-04:00,0.0,0.10708257845259837,0.42716100425242515
2021-04-29 00:00:00-04:00,0.0,0.9879544379969911,0.49336688698494924
2021-04-30 00:00:00-04:00,0.0,0.6415026337363036,0.41092811801760054
2021-05-03 00:00:00-04:00,0.0,0.1591315480238299,0.46795288396896234
2021-05-04 00:00:00-04:00,0.0,0.46777648978586117,0.4041363036372585
2021-05-05 00:00:00-04:00,0.0,0.9097229310470252,0.44258007762216756
2021-05-06 00:00:00-04:00,0.0,0.09857294608522336,0.415929802143026
2021-05-07 00:00:00-04:00,0.0,0.09196767216992818,0.4456195525777272
2021-05-10 00:00:00-04:00,0.0,0.33856946312154274,0.38799164054178426
2021-05-11 00:00:00-04:00,0.0,0.9097229310470252,0.4548708235957546
2021-05-12 00:00:00-04:00,0.0,0.9631629881154499,0.4543337478818273
2021-05-13 00:00:00-04:00,0.0,0.9950281954887218,0.47461848391614825
2021-05-14 00:00:00-04:00,0.0,0.021673057200872915,0.4742571488317662
2021-05-17 00:00:00-04:00,0.0,0.021673057200872915,0.447904400556963
2021-05-18 00:00:00-04:00,0.0,0.9129732504337766,0.4672459380119002
2021-05-19 00:00:00-04:00,0.0,0.9158377192982455,0.46618963402197106
2021-05-20 00:00:00-04:00,0.0,0.01783744076251675,0.4745676962603449
2021-05-21 00:00:00-04:00,0.0,0.851778965717452,0.4473562650053237
2021-05-24 00:00:00-04:00,0.0,0.026338935574229692,0.45886421951619905
2021-05-25 00:00:00-04:00,0.0,0.043809859741724425,0.4097507296074747
2021-05-26 00:00:00-04:00,0.0,0.02780952380952381,0.4603368863758258
2021-05-27 00:00:00-04:00,0.0,0.16750140401587255,0.4351149312822555
2021-05-28 00:00:00-04:00,0.0,0.1992611174512858,0.39881505740703455
2021-06-01 00:00:00-04:00,0.0,0.6818153462437928,0.4425826884609591
2021-06-02 00:00:00-04:00,0.0,0.11132136970091663,0.4711478419405352
2021-06-03 00:00:00-04:00,0.0,0.9572068220987411,0.45740836037219873
2021-06-04 00:00:00-04:00,0.0,0.33423543537072953,0.4283933864604828
2021-06-07 00:00:00-04:00,0.0,0.998206029185868,0.4755667822133896
2021-06-08 00:00:00-04:00,0.0,0.16266734918181772,0.4396480473931533
2021-06-09 00:00:00-04:00,0.0,0.15016734918181773,0.4487957361396056
2021-06-10 00:00:00-04:00,0.0,0.9772572966476332,0.46353997320492085
2021-06-11 00:00:00-04:00,0.0,0.838656986868775,0.4551283179029152
2021-06-14 00:00:00-04:00,0.0,0.9865663759372199,0.48606162207785536
2021-06-15 00:00:00-04:00,0.0,0.37698453847342944,0.4288442150898561
2021-06-16 00:00:00-04:00,0.0,0.9954499696382046,0.5007908360310183
2021-06-17 00:00:00-04:00,0.0,0.1002717846964484,0.397447900447364
2021-06-18 00:00:00-04:00,0.0,0.9950928267810619,0.5299089574813476
2021-06-21 00:00:00-04:00,0.0,0.9501736420914084,0.49962134272574515
2021-06-22 00:00:00-04:00,0.0,0.9505307849485511,0.4681433847618017
2021-06-23 00:00:00-04:00,0.0,0.11463909791014393,0.39743473739146323
2021-06-24 00:00:00-04:00,0.0,0.6649099199717478,0.42740298420905204
2021-06-25 00:00:00-04:00,0.0,0.9634501414803309,0.4579015673460225
2021-06-28 00:00:00-04:00,0.0,0.9908348514230866,0.5005118638718753
2021-06-29 00:00:00-04:00,0.0,0.9843433212141651,0.5125670277852532
2021-06-30 00:00:00-04:00,0.0,0.9862480831189271,0.5047950291413781
2021-07-01 00:00:00-04:00,0.0,0.4796026681205132,0.40664263007826773
2021-07-02 00:00:00-04:00,0.0,0.9714849037612936,0.5238688197027338
2021-07-06 00:00:00-04:00,0.0,0.5151042505113238,0.4106720121426306
2021-07-07 00:00:00-04:00,0.0,0.9881031208155574,0.467775603760351
2021-07-08 00:00:00-04:00,0.0,0.9773310576074477,0.5128061665839283
2021-07-09 00:00:00-04:00,0.0,0.2111082145119314,0.5202036394423573
2021-07-12 00:00:00-04:00,0.0,0.9684406395716576,0.47465503376203627
2021-07-13 00:00:00-04:00,0.0,0.9922541345305246,0.5259707884140596
2021-07-14 00:00:00-04:00,0.0,0.15752701793073481,0.4883721188850984
2021-07-15 00:00:00-04:00,0.0,0.06466039691038847,0.4425707503111806
2021-07-16 00:00:00-04:00,0.0,0.6431529456051195,0.4243059587458957
2021-07-19 00:00:00-04:00,0.0,0.983649345594317,0.49528965237111405
2021-07-20 00:00:00-04:00,0.0,0.9803175626485806,0.47106728747393745
2021-07-21 00:00:00-04:00,0.0,0.9763175626485805,0.4742912042376454
2021-07-22 00:00:00-04:00,0.0,0.9709712831713574,0.45411408737208503
2021-07-23 00:00:00-04:00,0.0,0.9644523934120999,0.4597367127230372
2021-07-26 00:00:00-04:00,0.0,0.07565465920221705,0.4105267983653467
2021-07-27 00:00:00-04:00,0.0,0.21719969520095264,0.40259190022730046
2021-07-28 00:00:00-04:00,0.0,0.15929587926760147,0.3941566524776683
2021-07-29 00:00:00-04:00,0.0,0.10133390936424744,0.43939756256054496
2021-07-30 00:00:00-04:00,0.0,0.0880469127968637,0.4267773130995113
2021-08-02 00:00:00-04:00,0.0,0.25263696171487154,0.42144398088130236
2021-08-03 00:00:00-04:00,0.0,0.00855779427359491,0.5096363724841857
2021-08-04 00:00:00-04:00,0.0,0.04855779427359491,0.4702240598251621
2021-08-05 00:00:00-04:00,0.0,0.007549889135254989,0.5160433838934765
2021-08-06 00:00:00-04:00,0.0,0.47183726454949854,0.4212177845891219
2021-08-09 00:00:00-04:00,0.0,0.21119546911067155,0.46493719797557365
2021-08-10 00:00:00-04:00,0.0,0.902792814198411,0.4543147860092498
2021-08-11 00:00:00-04:00,0.0,0.6993196707940347,0.42607881408160697
2021-08-12 00:00:00-04:00,0.0,0.40923678832589055,0.4031530199570037
2021-08-13 00:00:00-04:00,0.0,0.9690008571355173,0.45592607837146293
2021-08-16 00:00:00-04:00,0.0,0.7483228836230331,0.4287442145866729
2021-08-17 00:00:00-04:00,0.0,0.1176960292698962,0.3952831830840456
2021-08-18 00:00:00-04:00,0.0,0.9955590742392705,0.49725181625002596
2021-08-19 00:00:00-04:00,0.0,0.9949268903312245,0.5123580770265457
2021-08-20 00:00:00-04:00,0.0,0.9901256576655851,0.5263376259803405
2021-08-23 00:00:00-04:00,0.0,0.9326993581852457,0.4649644815921417
2021-08-24 00:00:00-04:00,0.0,0.16804659050971504,0.4892947361410479
2021-08-25 00:00:00-04:00,0.0,0.08971949603964698,0.44334124689384735
2021-08-26 00:00:00-04:00,0.0,0.967824386547282,0.45256492162425105
2021-08-27 00:00:00-04:00,0.0,0.9839317300166448,0.4716911883910796
2021-08-30 00:00:00-04:00,0.0,0.9268713817328254,0.4337466376620582
2021-08-31 00:00:00-04:00,0.0,0.7330367666960135,0.42753361376938603
2021-09-01 00:00:00-04:00,0.0,0.5311609759751295,0.4082102051657178
2021-09-02 00:00:00-04:00,0.0,0.9160132019847288,0.44150617733684044
2021-09-03 00:00:00-04:00,0.0,0.9360452367668916,0.4859779611767153
2021-09-07 00:00:00-04:00,0.0,0.12033789088186139,0.401403178569916
2021-09-08 00:00:00-04:00,0.0,0.1261581942586902,0.4125910150977404
2021-09-09 00:00:00-04:00,0.0,0.12158264256190457,0.44905402242863485
2021-09-10 00:00:00-04:00,0.0,0.576231468399289,0.41776143526605775
2021-09-13 00:00:00-04:00,0.0,0.7510471378436604,0.42822899436525513
2021-09-14 00:00:00-04:00,0.0,0.1641320497086712,0.3939688680443034
2021-09-15 00:00:00-04:00,0.0,0.9699281956396804,0.46837702395697106
2021-09-16 00:00:00-04:00,0.0,0.018079166625093592,0.49484028321217155
2021-09-17 00:00:00-04:00,0.0,0.9759039608194029,0.4477991799054946
2021-09-20 00:00:00-04:00,0.0,0.7785283029122114,0.4325147769542882
2021-09-21 00:00:00-04:00,0.0,0.59675855737842,0.42570679403268785
2021-09-22 00:00:00-04:00,0.0,0.08448117255839907,0.47611719376801503
2021-09-23 00:00:00-04:00,0.0,0.02656661251253948,0.5364286892068317
2021-09-24 00:00:00-04:00,0.0,0.024356126111433722,0.5251523844849995
2021-09-27 00:00:00-04:00,0.0,0.01393162639102195,0.47078670980170834
2021-09-28 00:00:00-04:00,0.0,0.8725998282367756,0.42812527480861096
2021-09-29 00:00:00-04:00,0.0,0.02166464450971618,0.4131385136299539
2021-09-30 00:00:00-04:00,0.0,0.034743044920712784,0.42017396277717833
2021-10-01 00:00:00-04:00,0.0,0.152988144102631,0.4657119451883923
2021-10-04 00:00:00-04:00,0.0,0.05750600708627405,0.38609950009128
2021-10-05 00:00:00-04:00,0.0,0.9554692936828438,0.45498804372236473
2021-10-06 00:00:00-04:00,0.0,0.6967469156782988,0.4272700189474713
2021-10-07 00:00:00-04:00,0.0,0.152988144102631,0.4715316980007779
2021-10-08 00:00:00-04:00,0.0,0.03469369669467845,0.4298453270319592
2021-10-11 00:00:00-04:00,0.0,0.16071882043113345,0.4611236541393887
2021-10-12 00:00:00-04:00,0.0,0.9658434274254087,0.4577015451757644
2021-10-13 00:00:00-04:00,0.0,0.9897210874626863,0.5089181176988815
2021-10-14 00:00:00-04:00,0.0,0.3082952575564782,0.40664316065058687
2021-10-15 00:00:00-04:00,0.0,0.9550717261646349,0.4575066948626993
2021-10-18 00:00:00-04:00,0.0,0.9955089366467117,0.5250172752308008
2021-10-19 00:00:00-04:00,0.0,0.994953381091156,0.5189948517250177
2021-10-20 00:00:00-04:00,0.0,0.9208959030577115,0.47344720009479274
2021-10-21 00:00:00-04:00,0.0,0.09214534982242834,0.4158401853351239
2021-10-22 00:00:00-04:00,0.0,0.7139922979189377,0.4412857862075469
2021-10-25 00:00:00-04:00,0.0,0.3374780026175375,0.4357663961013457
2021-10-26 00:00:00-04:00,0.0,0.9351686303304387,0.45839049201434623
2021-10-27 00:00:00-04:00,0.0,0.1855705180876007,0.42736371140903007
2021-10-28 00:00:00-04:00,0.0,0.9834646520221066,0.5030200616062502
2021-10-29 00:00:00-04:00,0.0,0.20474246125556983,0.46269979929336114
2021-11-01 00:00:00-04:00,0.0,0.18796526173175468,0.4371946886719088
2021-11-02 00:00:00-04:00,0.0,0.9842617534713821,0.5000465646923403
2021-11-03 00:00:00-04:00,0.0,0.518724725821369,0.4189420855550412
2021-11-04 00:00:00-04:00,0.0,0.4068429406850459,0.49842934029900043
2021-11-05 00:00:00-04:00,0.0,0.14348675056010585,0.4550158298520688
2021-11-08 00:00:00-05:00,0.0,0.13571364131640837,0.46693985824867523
2021-11-09 00:00:00-05:00,0.0,0.04500818534936182,0.46329722284996816
2021-11-10 00:00:00-05:00,0.0,0.054452927608665894,0.4012834775420458
2021-11-11 00:00:00-05:00,0.0,0.6532609900476279,0.42481409572175616
2021-11-12 00:00:00-05:00,0.0,0.5706287928235567,0.422201887091109
2021-11-15 00:00:00-05:00,0.0,0.8324985580604408,0.4592830971420626
2021-11-16 00:00:00-05:00,0.0,0.9709373238920699,0.47499008333095116
2021-11-17 00:00:00-05:00,0.0,0.6881341117155142,0.4377344725651122
2021-11-18 00:00:00-05:00,0.0,0.8820759528968415,0.4636924610687247
2021-11-19 00:00:00-05:00,0.0,0.08503629024463218,0.39604752202348376
2021-11-22 00:00:00-05:00,0.0,0.05915633489088463,0.4214043221445245
2021-11-23 00:00:00-05:00,0.0,0.04480011966740451,0.46146171307279293
2021-11-24 00:00:00-05:00,0.0,0.07718737026398101,0.47726512467576687
2021-11-26 00:00:00-05:00,0.0,0.934770602730648,0.4724421422440739
2021-11-29 00:00:00-05:00,0.0,0.9919711090400745,0.47504405462338983
2021-11-30 00:00:00-05:00,0.0,0.08057309642017957,0.43418666661756883
2021-12-01 00:00:00-05:00,0.0,0.8769882078155719,0.4354704463062739
2021-12-02 00:00:00-05:00,0.0,0.9959751041209265,0.5062488305804189
2021-12-03 00:00:00-05:00,0.0,0.9957048338506563,0.5147363233801778
2021-12-06 00:00:00-05:00,0.0,0.9899868643690829,0.493969692604458
2021-12-07 00:00:00-05:00,0.0,0.9134597526611773,0.43098275304811845
2021-12-08 00:00:00-05:00,0.0,0.34340950286080774,0.3882330203153456
2021-12-09 00:00:00-05:00,0.0,0.9363563043853153,0.43882937670725236
2021-12-10 00:00:00-05:00,0.0,0.03360927087191377,0.47189166164113705
2021-12-13 00:00:00-05:00,0.0,0.08244062909567497,0.4990288964481515
2021-12-14 00:00:00-05:00,0.0,0.8794528686484641,0.4288857202489109
2021-12-15 00:00:00-05:00,0.0,0.08517747120093812,0.46730043506337826
2021-12-16 00:00:00-05:00,0.0,0.46012877266782864,0.4110021579501088
2021-12-17 00:00:00-05:00,0.0,0.9722410918586106,0.5317545223471578
2021-12-20 00:00:00-05:00,0.0,0.9722410918586106,0.5290256726977285
2021-12-21 00:00:00-05:00,0.0,0.9665090455654511,0.476357205526745
2021-12-22 00:00:00-05:00,0.0,0.9947686091211578,0.527794851677334
2021-12-23 00:00:00-05:00,0.0,0.8720196669687578,0.4481647277227377
2021-12-27 00:00:00-05:00,0.0,0.1540487134054912,0.3973092292502223
2021-12-28 00:00:00-05:00,0.0,0.7092542907743292,0.4541003030588428
2021-12-29 00:00:00-05:00,0.0,0.05858023028170087,0.445233736327599
2021-12-30 00:00:00-05:00,0.0,0.08130255490364187,0.4528017825372157
2021-12-31 00:00:00-05:00,0.0,0.4027868465218013,0.4160778669648975
2022-01-03 00:00:00-05:00,0.0,0.1421376791925498,0.44084954276767235
2022-01-04 00:00:00-05:00,0.0,0.11845827834686531,0.4663069528321613
2022-01-05 00:00:00-05:00,0.0,0.9375989411869428,0.46173893427423646
2022-01-06 00:00:00-05:00,0.0,0.10177187019265885,0.4431964657264154
2022-01-07 00:00:00-05:00,0.0,0.9315173610547011,0.44987489795259644
2022-01-10 00:00:00-05:00,0.0,0.9842795524716201,0.501598807309116
2022-01-11 00:00:00-05:00,0.0,0.03398690817922159,0.5151679222538768
2022-01-12 00:00:00-05:00,0.0,0.03295581843563185,0.506404012913972
2022-01-13 00:00:00-05:00,0.0,0.3036657309785444,0.4272142669896732
2022-01-14 00:00:00-05:00,0.0,0.06364775417724966,0.4603692182003096
2022-01-18 00:00:00-05:00,0.0,0.029579429446424933,0.45661999214839494
2022-01-19 00:00:00-05:00,0.0,0.0441681154567191,0.4251869164819673
2022-01-20 00:00:00-05:00,0.0,0.07690650424208434,0.41432523287800477
2022-01-21 00:00:00-05:00,0.0,0.04104937945255915,0.4439576617571065
2022-01-24 00:00:00-05:00,0.0,0.8632871715501783,0.42437962748078034
2022-01-25 00:00:00-05:00,0.0,0.02630377353211512,0.4544094107242772
2022-01-26 00:00:00-05:00,0.0,0.33442609810784923,0.39598806715929
2022-01-27 00:00:00-05:00,0.0,0.861781985500566,0.43198977924310655
2022-01-28 00:00:00-05:00,0.0,0.7109717403008409,0.44468073874906633
2022-01-31 00:00:00-05:00,0.0,0.5694397618225683,0.40910225357613805
2022-02-01 00:00:00-05:00,0.0,0.056890341065950895,0.4075350074492765
2022-02-02 00:00:00-05:00,0.0,0.1449243432963794,0.44169338414271214
2022-02-03 00:00:00-05:00,0.0,0.576697658493454,0.41154687473376134
2022-02-04 00:00:00-05:00,0.0,0.24025475139845603,0.38303302595217564
2022-02-07 00:00:00-05:00,0.0,0.9077070387334125,0.4305195100029264
2022-02-08 00:00:00-05:00,0.0,0.11350297034163905,0.5102026214105578
2022-02-09 00:00:00-05:00,0.0,0.05038854056782371,0.4775794783148274
2022-02-10 00:00:00-05:00,0.0,0.15699993658573966,0.4388022323352786
2022-02-11 00:00:00-05:00,0.0,0.9820037731578415,0.48815747978658036
2022-02-14 00:00:00-05:00,0.0,0.9457300243518546,0.4710329235890792
2022-02-15 00:00:00-05:00,0.0,0.04058998155504189,0.4925813714833126
2022-02-16 00:00:00-05:00,0.0,0.039377860342920686,0.5311754683823452
2022-02-17 00:00:00-05:00,0.0,0.02158331333298101,0.4764811550333796
2022-02-18 00:00:00-05:00,0.0,0.25688911173219503,0.39828346599292314
2022-02-22 00:00:00-05:00,0.0,0.03035867028161067,0.4232674830074266
2022-02-23 00:00:00-05:00,0.0,0.9794581967581357,0.4701981998438767
2022-02-24 00:00:00-05:00,0.0,0.6002411383972132,0.4063817412352468
2022-02-25 00:00:00-05:00,0.0,0.9843386805445139,0.5040818932671938
2022-02-28 00:00:00-05:00,0.0,0.09864655156429562,0.4302545041329921
2022-03-01 00:00:00-05:00,0.0,0.5722394559373014,0.4114957444322041
2022-03-02 00:00:00-05:00,0.0,0.03360723144385564,0.45916913374780927
2022-03-03 00:00:00-05:00,0.0,0.03438409974481587,0.5008006809997496
2022-03-04 00:00:00-05:00,0.0,0.06672541972731617,0.48921440818636275
2022-03-07 00:00:00-05:00,0.0,0.6287869624918178,0.40793395654487397
2022-03-08 00:00:00-05:00,0.0,0.09909995292212825,0.4384403737001398
2022-03-09 00:00:00-05:00,0.0,0.020855217899003225,0.48038557550297534
2022-03-10 00:00:00-05:00,0.0,0.122000171432671,0.4319171339430941
2022-03-11 00:00:00-05:00,0.0,0.4862685802955537,0.3925162879886166
2022-03-14 00:00:00-04:00,0.0,0.993417645231567,0.49469687360836434
2022-03-15 00:00:00-04:00,0.0,0.9634807163963847,0.4765362027394255
2022-03-16 00:00:00-04:00,0.0,0.927314049729718,0.48196746737832624
2022-03-17 00:00:00-04:00,0.0,0.35263658884683935,0.4110815110909422
2022-03-18 00:00:00-04:00,0.0,0.78302194836049,0.4365379787291197
2022-03-21 00:00:00-04:00,0.0,0.3818507831987164,0.3995412307578376
2022-03-22 00:00:00-04:00,0.0,0.5728806038207865,0.41206993878386416
2022-03-23 00:00:00-04:00,0.0,0.9002354292246939,0.46274483460266747
2022-03-24 00:00:00-04:00,0.0,0.05978609127687437,0.43957916414453213
2022-03-25 00:00:00-04:00,0.0,0.779724844702218,0.44278827821923916
2022-03-28 00:00:00-04:00,0.0,0.332472599550856,0.397306387779252
2022-03-29 00:00:00-04:00,0.0,0.030386145493311093,0.4994300208063287
2022-03-30 00:00:00-04:00,0.0,0.045687732794898385,0.48377557611180966
2022-03-31 00:00:00-04:00,0.0,0.9703998580655263,0.4591409552332814
2022-04-01 00:00:00-04:00,0.0,0.9834509698745076,0.5166372621408437
2022-04-04 00:00:00-04:00,0.0,0.02785913871583908,0.45265429158525133
2022-04-05 00:00:00-04:00,0.0,0.11441568015804679,0.47559051711387357
2022-04-06 00:00:00-04:00,0.0,0.9361677835722024,0.4684950909572046
2022-04-07 00:00:00-04:00,0.0,0.43379506501525766,0.40614616646620083
2022-04-08 00:00:00-04:00,0.0,0.15542695738523502,0.42831940067800744
2022-04-11 00:00:00-04:00,0.0,0.34119389506860237,0.47633856604050906
2022-04-12 00:00:00-04:00,0.0,0.8432345044226051,0.45410935908750627
2022-04-13 00:00:00-04:00,0.0,0.15396823462038411,0.49377503423744357
2022-04-14 00:00:00-04:00,0.0,0.9455366992835839,0.47776890346176204
2022-04-18 00:00:00-04:00,0.0,0.9483759492997273,0.4865022892561864
2022-04-19 00:00:00-04:00,0.0,0.8951298554184849,0.4357095770122265
2022-04-20 00:00:00-04:00,0.0,0.02785913871583908,0.48229283409296864
2022-04-21 00:00:00-04:00,0.0,0.02598413871583908,0.4655055733221709
2022-04-22 00:00:00-04:00,0.0,0.8972689459714625,0.46695237842051635
2022-04-25 00:00:00-04:00,0.0,0.042415856194975926,0.4455181511000773
2022-04-26 00:00:00-04:00,0.0,0.9967998605846782,0.5153526378616724
2022-04-27 00:00:00-04:00,0.0,0.9941577221952405,0.4779394856173402
2022-04-28 00:00:00-04:00,0.0,0.1810760776119897,0.4890414070359948
2022-04-29 00:00:00-04:00,0.0,0.9948950986799163,0.4963574965579289
2022-05-02 00:00:00-04:00,0.0,0.9944607524982707,0.47775077420303996
2022-05-03 00:00:00-04:00,0.0,0.986063039687502,0.49018424349854167
2022-05-04 00:00:00-04:00,0.0,0.07796101625844265,0.4050056042031428
2022-05-05 00:00:00-04:00,0.0,0.13675945237817475,0.42858036474513794
2022-05-06 00:00:00-04:00,0.0,0.8681653072803834,0.4282621802501657
2022-05-09 00:00:00-04:00,0.0,0.018155250134369874,0.4465022433453012
2022-05-10 00:00:00-04:00,0.0,0.16234878542654246,0.4550608010702112
2022-05-11 00:00:00-04:00,0.0,0.9915334554106182,0.4853026879772577
2022-05-12 00:00:00-04:00,0.0,0.992724780245794,0.5189088595852289
2022-05-13 00:00:00-04:00,0.0,0.9909724850763151,0.4568354123796257
2022-05-16 00:00:00-04:00,0.0,0.11133682583743969,0.4266055839386635
2022-05-17 00:00:00-04:00,0.0,0.0317288117600412,0.4883178608519869
2022-05-18 00:00:00-04:00,0.0,0.10831173727158529,0.4844407754269295
2022-05-19 00:00:00-04:00,0.0,0.8298376788845829,0.4348471941383021
2022-05-20 00:00:00-04:00,0.0,0.9948306303787136,0.48428455123752684
2022-05-23 00:00:00-04:00,0.0,0.060985067358226536,0.4535609966975065
2022-05-24 00:00:00-04:00,0.0,0.06156646270706375,0.45393324260529
2022-05-25 00:00:00-04:00,0.0,0.03789852766156488,0.43856550963739305
2022-05-26 00:00:00-04:00,0.0,0.8533814518470867,0.4386151231348552
2022-05-27 00:00:00-04:00,0.0,0.8945197114209519,0.43406101420460663
2022-05-31 00:00:00-04:00,0.0,0.052118470964420203,0.42314758370519057
2022-06-01 00:00:00-04:00,0.0,0.04499597184192109,0.427264491420988
2022-06-02 00:00:00-04:00,0.0,0.10124055487027318,0.39449863633832083
2022-06-03 00:00:00-04:00,0.0,0.13596528963773427,0.3909828779110558
2022-06-06 00:00:00-04:00,0.0,0.9070890323740549,0.44577871604547975
2022-06-07 00:00:00-04:00,0.0,0.07420209412556648,0.4596714495625624
2022-06-08 00:00:00-04:00,0.0,0.09082974728591701,0.4593298462357775
2022-06-09 00:00:00-04:00,0.0,0.08837673311823868,0.4224583242713022
2022-06-10 00:00:00-04:00,0.0,0.9357685893451655,0.48050506754503725
2022-06-13 00:00:00-04:00,0.0,0.9573152306541948,0.4710870696052942
2022-06-14 00:00:00-04:00,0.0,0.11542004732581228,0.43144217587576394
2022-06-15 00:00:00-04:00,0.0,0.1786083510733401,0.39871255017385965
2022-06-16 00:00:00-04:00,0.0,0.9773152306541948,0.4865010989651117
2022-06-17 00:00:00-04:00,0.0,0.9141444241164262,0.4358637957038418
2022-06-21 00:00:00-04:00,0.0,0.3264460634481809,0.4242505071639632
2022-06-22 00:00:00-04:00,0.0,0.9342350346553125,0.43987991067717336
2022-06-23 00:00:00-04:00,0.0,0.4770721185140403,0.4048732606649016
2022-06-24 00:00:00-04:00,0.0,0.08444549046458097,0.4502957776481893
2022-06-27 00:00:00-04:00,0.0,0.22584825563575645,0.4659540061847124
2022-06-28 00:00:00-04:00,0.0,0.08552186980295842,0.417231414103689
2022-06-29 00:00:00-04:00,0.0,0.06023724094743614,0.426294597109355
2022-06-30 00:00:00-04:00,0.0,0.9707995059972923,0.48365041114834884
2022-07-01 00:00:00-04:00,0.0,0.94857728377507,0.4662654051974211
2022-07-05 00:00:00-04:00,0.0,0.9903280670077474,0.5221112183684181
2022-07-06 00:00:00-04:00,0.0,0.9887896054692858,0.5153056439947571
2022-07-07 00:00:00-04:00,0.0,0.7140844924286331,0.4200252081858133
2022-07-08 00:00:00-04:00,0.0,0.9015816105084482,0.44843957681526886
2022-07-11 00:00:00-04:00,0.0,0.18923057670991686,0.44564397539433737
2022-07-12 00:00:00-04:00,0.0,0.9914428438096442,0.5133500439857598
2022-07-13 00:00:00-04:00,0.0,0.993522407933004,0.5598880095218773
2022-07-14 00:00:00-04:00,0.0,0.9903280670077474,0.5288037402366753
2022-07-15 00:00:00-04:00,0.0,0.34116814114317257,0.45460264811269
2022-07-18 00:00:00-04:00,0.0,0.997993094955359,0.5219963831638451
2022-07-19 00:00:00-04:00,0.0,0.9963506402154613,0.5114041311477776
2022-07-20 00:00:00-04:00,0.0,0.9275721094592977,0.4790689034269676
2022-07-21 00:00:00-04:00,0.0,0.08021122803459216,0.39356312623332435
2022-07-22 00:00:00-04:00,0.0,0.10948170179427853,0.45024564693435287
2022-07-25 00:00:00-04:00,0.0,0.9762109528191099,0.4733867933922698
2022-07-26 00:00:00-04:00,0.0,0.9955743002669015,0.4884060611897399
2022-07-27 00:00:00-04:00,0.0,0.8686756408186064,0.4285963771873425
2022-07-28 00:00:00-04:00,0.0,0.10801403475088744,0.3973241297536801
2022-07-29 00:00:00-04:00,0.0,0.10801403475088744,0.40014731865462766
2022-08-01 00:00:00-04:00,0.0,0.4374785277879896,0.422892732891339
2022-08-02 00:00:00-04:00,0.0,0.947950053232919,0.480953617367047
2022-08-03 00:00:00-04:00,0.0,0.1230566188740838,0.468855634146304
2022-08-04 00:00:00-04:00,0.0,0.8269569089219437,0.4380646240826187
2022-08-05 00:00:00-04:00,0.0,0.09825314197193075,0.4235340802007626
2022-08-08 00:00:00-04:00,0.0,0.9826979506048406,0.4569900467722594
2022-08-09 00:00:00-04:00,0.0,0.9920077735062125,0.5020571484892546
2022-08-10 00:00:00-04:00,0.0,0.045326548617087875,0.4671161615945662
2022-08-11 00:00:00-04:00,0.0,0.9498041229927031,0.46440254000117176
2022-08-12 00:00:00-04:00,0.0,0.09543143638254721,0.39423838199156175
2022-08-15 00:00:00-04:00,0.0,0.05680877069055415,0.43630744953469897
2022-08-16 00:00:00-04:00,0.0,0.6025476642211294,0.40752701897935534
2022-08-17 00:00:00-04:00,0.0,0.023114611006964974,0.47488461871461535
2022-08-18 00:00:00-04:00,0.0,0.0681363191742739,0.4552403285057988
2022-08-19 00:00:00-04:00,0.0,0.12563696109003175,0.3889671397189487
2022-08-22 00:00:00-04:00,0.0,0.9921912597447446,0.5008110446666832
2022-08-23 00:00:00-04:00,0.0,0.9921912597447446,0.5259665889476891
2022-08-24 00:00:00-04:00,0.0,0.9525268410515675,0.48866677710763173
2022-08-25 00:00:00-04:00,0.0,0.07693827017738823,0.4746104759977684
2022-08-26 00:00:00-04:00,0.0,0.8793271519826723,0.47370609422221993
2022-08-29 00:00:00-04:00,0.0,0.0843933413516734,0.4368384607602677
2022-08-30 00:00:00-04:00,0.0,0.09200588236732479,0.43272697706714486
2022-08-31 00:00:00-04:00,0.0,0.22851229045486005,0.3998393547214772
2022-09-01 00:00:00-04:00,0.0,0.07517897589659059,0.43190982755797164
2022-09-02 00:00:00-04:00,0.0,0.23723509368309936,0.38130584140315865
2022-09-06 00:00:00-04:00,0.0,0.4608602708012208,0.4122660114945745
2022-09-07 00:00:00-04:00,0.0,0.984996881162115,0.48537837399564654
2022-09-08 00:00:00-04:00,0.0,0.984996881162115,0.47947200073324114
2022-09-09 00:00:00-04:00,0.0,0.8264328332234869,0.4270513467075085
2022-09-12 00:00:00-04:00,0.0,0.029477458934950275,0.4683108212250411
2022-09-13 00:00:00-04:00,0.0,0.028027257736902626,0.453213632281222
2022-09-14 00:00:00-04:00,0.0,0.1205847611980572,0.4701062775297514
2022-09-15 00:00:00-04:00,0.0,0.48655832216932215,0.3936793238082064
2022-09-16 00:00:00-04:00,0.0,0.8806417247381484,0.4522253038101175
2022-09-19 00:00:00-04:00,0.0,0.5251679189555852,0.40872347654487023
2022-09-20 00:00:00-04:00,0.0,0.07577078346011588,0.43058954543307937
2022-09-21 00:00:00-04:00,0.0,0.0990069180721771,0.48756365078518565
2022-09-22 00:00:00-04:00,0.0,0.07029192489353618,0.4530422152690866
2022-09-23 00:00:00-04:00,0.0,0.11210143731158143,0.4188518585376718
2022-09-26 00:00:00-04:00,0.0,0.06510838058973872,0.4696312160902002
2022-09-27 00:00:00-04:00,0.0,0.09048034558555403,0.45040985063838745
2022-09-28 00:00:00-04:00,0.0,0.047620681975933256,0.47520002584670473
2022-09-29 00:00:00-04:00,0.0,0.054841987147115766,0.4634707019434977
2022-09-30 00:00:00-04:00,0.0,0.9828530455104096,0.48492783436626524
2022-10-03 00:00:00-04:00,0.0,0.06504777311445725,0.4449295389489649
2022-10-04 00:00:00-04:00,0.0,0.6784191187226214,0.4118559049470263
2022-10-05 00:00:00-04:00,0.0,0.6683875455859866,0.4223485874039965
2022-10-06 00:00:00-04:00,0.0,0.12675882341134836,0.4429581152303057
2022-10-07 00:00:00-04:00,0.0,0.08197116175837907,0.47837225460687993
2022-10-10 00:00:00-04:00,0.0,0.05838180745051083,0.4975579615799558
2022-10-11 00:00:00-04:00,0.0,0.052087659802927,0.5147853877512586
2022-10-12 00:00:00-04:00,0.0,0.7930403220030894,0.42083910388369716
2022-10-13 00:00:00-04:00,0.0,0.22075319541922334,0.4451598314523314
2022-10-14 00:00:00-04:00,0.0,0.8633510765114845,0.45533228201289333
2022-10-17 00:00:00-04:00,0.0,0.11763407956843913,0.4276359245474126
2022-10-18 00:00:00-04:00,0.0,0.8585594250632702,0.4385382697279241
2022-10-19 00:00:00-04:00,0.0,0.153282875018344,0.4047654882366445
2022-10-20 00:00:00-04:00,0.0,0.9083255214196782,0.4749306676864241
2022-10-21 00:00:00-04:00,0.0,0.9513646922113053,0.46152846844071943
2022-10-24 00:00:00-04:00,0.0,0.9692419968387596,0.48370140156171026
2022-10-25 00:00:00-04:00,0.0,0.14100632185652995,0.4415020114056378
2022-10-26 00:00:00-04:00,0.0,0.9634079435357408,0.48080851992985907
2022-10-27 00:00:00-04:00,0.0,0.9003862616327123,0.463867389663615
2022-10-28 00:00:00-04:00,0.0,0.15964943816808722,0.3903902153819475
2022-10-31 00:00:00-04:00,0.0,0.08168197012546546,0.4236086438744936
2022-11-01 00:00:00-04:00,0.0,0.11817045614429147,0.441832048758832
2022-11-02 00:00:00-04:00,0.0,0.9408538296994128,0.4795036797104883
2022-11-03 00:00:00-04:00,0.0,0.1496075771081265,0.4154598896084833
2022-11-04 00:00:00-04:00,0.0,0.9768288638328312,0.4777019554342064
2022-11-07 00:00:00-05:00,0.0,0.38159349384869956,0.41853142618787614
2022-11-08 00:00:00-05:00,0.0,0.9892366029439497,0.49658542215478746
2022-11-09 00:00:00-05:00,0.0,0.8988242887507362,0.48617592908010965
2022-11-10 00:00:00-05:00,0.0,0.6690092619162045,0.41937896058656077
2022-11-11 00:00:00-05:00,0.0,0.8450176445979484,0.4314505104789863
2022-11-14 00:00:00-05:00,0.0,0.07822931221442171,0.44226960517655634
2022-11-15 00:00:00-05:00,0.0,0.1394238377983937,0.3953021369677462
2022-11-16 00:00:00-05:00,0.0,0.14705183222207172,0.37821509433269423
2022-11-17 00:00:00-05:00,0.0,0.018784984667505607,0.498165394845813
2022-11-18 00:00:00-05:00,0.0,0.047605820269032505,0.4934684147270615
2022-11-21 00:00:00-05:00,0.0,0.8843840851124378,0.42674553883552474
2022-11-22 00:00:00-05:00,0.0,0.0690305076336639,0.4786224035192611
2022-11-23 00:00:00-05:00,0.0,0.06777264599844378,0.48882124997864984
2022-11-25 00:00:00-05:00,0.0,0.08385860835418373,0.4580908385683181
2022-11-28 00:00:00-05:00,0.0,0.23442016820605485,0.39323378907140827
2022-11-29 00:00:00-05:00,0.0,0.9239158623127866,0.44507949395761964
2022-11-30 00:00:00-05:00,0.0,0.13283010443288096,0.39725633485135214
2022-12-01 00:00:00-05:00,0.0,0.7529726390597182,0.4290849426953544
2022-12-02 00:00:00-05:00,0.0,0.09672828644563067,0.42515897788233403
2022-12-05 00:00:00-05:00,0.0,0.18532159637253698,0.4351284727749043
2022-12-06 00:00:00-05:00,0.0,0.9693808613962748,0.4532134662699486
2022-12-07 00:00:00-05:00,0.0,0.08549626155182626,0.4533891807627464
2022-12-08 00:00:00-05:00,0.0,0.9596465711347335,0.47190166817424545
2022-12-09 00:00:00-05:00,0.0,0.9931301657657352,0.5160047406760166
2022-12-12 00:00:00-05:00,0.0,0.032888008192647686,0.4582313893307566
2022-12-13 00:00:00-05:00,0.0,0.0533514615520757,0.423179179238212
2022-12-14 00:00:00-05:00,0.0,0.07763393793682166,0.4486839917717205
2022-12-15 00:00:00-05:00,0.0,0.0870078197265344,0.4186870888969748
2022-12-16 00:00:00-05:00,0.0,0.020064034510557337,0.4587448585682321
2022-12-19 00:00:00-05:00,0.0,0.9928176657657352,0.5165117693886194
2022-12-20 00:00:00-05:00,0.0,0.9928176657657352,0.5085302902206812
2022-12-21 00:00:00-05:00,0.0,0.1781723042760279,0.39026672010239083
2022-12-22 00:00:00-05:00,0.0,0.6024241769943817,0.4192824061120166
2022-12-23 00:00:00-05:00,0.0,0.12006160445979086,0.3904135371649875
2022-12-27 00:00:00-05:00,0.0,0.13783404035722677,0.3938916171992435
2022-12-28 00:00:00-05:00,0.0,0.9536831153444454,0.4793532060709648
2022-12-29 00:00:00-05:00,0.0,0.9618876618657616,0.47876912331537036
2022-12-30 00:00:00-05:00,0.0,0.20271107105691477,0.4071848711572066
2023-01-03 00:00:00-05:00,0.0,0.9677646087294256,0.4659058538532712
2023-01-04 00:00:00-05:00,0.0,0.6045670244614488,0.3975720731677548
2023-01-05 00:00:00-05:00,0.0,0.8673331084188576,0.46022135300059475
2023-01-06 00:00:00-05:00,0.0,0.549403697473155,0.4215075825349245
2023-01-09 00:00:00-05:00,0.0,0.96038889892351,0.46778810070909593
2023-01-10 00:00:00-05:00,0.0,0.7140903018439486,0.4173919861213121
2023-01-11 00:00:00-05:00,0.0,0.11022588514105554,0.46632035123266313
2023-01-12 00:00:00-05:00,0.0,0.9340545656740687,0.4450238053695116
2023-01-13 00:00:00-05:00,0.0,0.8803505751762251,0.43504112949374596
2023-01-17 00:00:00-05:00,0.0,0.13334389641486238,0.39420344436613675
2023-01-18 00:00:00-05:00,0.0,0.9264703242402219,0.4501016683488108
2023-01-19 00:00:00-05:00,0.0,0.9786371220684701,0.49707248281528726
2023-01-20 00:00:00-05:00,0.0,0.9662541716312925,0.47935756515552774
2023-01-23 00:00:00-05:00,0.0,0.9217028132219734,0.46097383961835997
2023-01-24 00:00:00-05:00,0.0,0.9217028132219734,0.4613421069161047
2023-01-25 00:00:00-05:00,0.0,0.6020534761399867,0.40821624860921996
2023-01-26 00:00:00-05:00,0.0,0.7940599956067235,0.42961243853727477
2023-01-27 00:00:00-05:00,0.0,0.08572200050465248,0.4368748386493354
2023-01-30 00:00:00-05:00,0.0,0.9957966290100941,0.5151536464479668
2023-01-31 00:00:00-05:00,0.0,0.9957966290100941,0.5239994227674706
2023-02-01 00:00:00-05:00,0.0,0.6181770452821784,0.42617753145963977
2023-02-02 00:00:00-05:00,0.0,0.6511796229029003,0.40028737953017646
2023-02-03 00:00:00-05:00,0.0,0.07430189922542824,0.45881068802942676
2023-02-06 00:00:00-05:00,0.0,0.9917093274227926,0.489619135835479
2023-02-07 00:00:00-05:00,0.0,0.10859467616526398,0.4885902275434165
2023-02-08 00:00:00-05:00,0.0,0.6466002756076088,0.40325409370571663
2023-02-09 00:00:00-05:00,0.0,0.9919119558319207,0.5145848436092492
2023-02-10 00:00:00-05:00,0.0,0.9402712062926151,0.464952170827697
2023-02-13 00:00:00-05:00,0.0,0.9171761723148475,0.46500845014995557
2023-02-14 00:00:00-05:00,0.0,0.9236335395090569,0.47421972215122205
2023-02-15 00:00:00-05:00,0.0,0.08124774506233944,0.3988264350229214
2023-02-16 00:00:00-05:00,0.0,0.07981528743626852,0.43963043488134784
2023-02-17 00:00:00-05:00,0.0,0.09070725333803344,0.4000098267899935
2023-02-21 00:00:00-05:00,0.0,0.961705065150981,0.465965037506669
2023-02-22 00:00:00-05:00,0.0,0.11751033657300575,0.39726782593099397
2023-02-23 00:00:00-05:00,0.0,0.7271802499670385,0.4239801415721103
2023-02-24 00:00:00-05:00,0.0,0.10055437399564218,0.4374590643216691
2023-02-27 00:00:00-05:00,0.0,0.03976044319047361,0.4506955370601825
2023-02-28 00:00:00-05:00,0.0,0.04867689299931976,0.4341697469648532
2023-03-01 00:00:00-05:00,0.0,0.8423469802078699,0.4353269151927685
2023-03-02 00:00:00-05:00,0.0,0.89530046913194,0.4588296226741528
2023-03-03 00:00:00-05:00,0.0,0.07502081079061157,0.4207671288413489
2023-03-06 00:00:00-05:00,0.0,0.15746080876307297,0.39813049951466795
2023-03-07 00:00:00-05:00,0.0,0.826009380668202,0.42136112669381376
2023-03-08 00:00:00-05:00,0.0,0.054173069976729174,0.46710410751528386
2023-03-09 00:00:00-05:00,0.0,0.10049423163362903,0.39811923133474714
2023-03-10 00:00:00-05:00,0.0,0.9002373785961991,0.4544901336521138
2023-03-13 00:00:00-04:00,0.0,0.9055393393805129,0.4520447040885915
2023-03-14 00:00:00-04:00,0.0,0.6803621301573104,0.42019472864558094
2023-03-15 00:00:00-04:00,0.0,0.8882713890611769,0.4394246918962822
2023-03-16 00:00:00-04:00,0.0,0.3761893973846417,0.4107167122894238
2023-03-17 00:00:00-04:00,0.0,0.8594612645067292,0.4380092007921562
2023-03-20 00:00:00-04:00,0.0,0.8672290114924518,0.4477688671657131
2023-03-21 00:00:00-04:00,0.0,0.8774698380874597,0.4666122795650051
2023-03-22 00:00:00-04:00,0.0,0.8478852174596294,0.4604061675052036
2023-03-23 00:00:00-04:00,0.0,0.06330916662202597,0.4180457295486019
2023-03-24 00:00:00-04:00,0.0,0.08672836615945478,0.3818811416441819
2023-03-27 00:00:00-04:00,0.0,0.8405954044150001,0.414002397638025
2023-03-28 00:00:00-04:00,0.0,0.92538798269149,0.4726344792180866
2023-03-29 00:00:00-04:00,0.0,0.0778286267976452,0.4121358930880448
2023-03-30 00:00:00-04:00,0.0,0.09341308487671983,0.38818077145165414
2023-03-31 00:00:00-04:00,0.0,0.10261861496039026,0.3959335835286663
2023-04-03 00:00:00-04:00,0.0,0.46216673611313547,0.41540392179803515
2023-04-04 00:00:00-04:00,0.0,0.9273879826914901,0.4528673736387104
2023-04-05 00:00:00-04:00,0.0,0.12462315093276077,0.3943703561837098
2023-04-06 00:00:00-04:00,0.0,0.02800897917952971,0.4079545923981175
2023-04-10 00:00:00-04:00,0.0,0.49655276641031704,0.41711946967754115
2023-04-11 00:00:00-04:00,0.0,0.7984171002505149,0.42303481343898525
2023-04-12 00:00:00-04:00,0.0,0.9700828967458969,0.4548432493558859
2023-04-13 00:00:00-04:00,0.0,0.7550501082812908,0.42650800958362084
2023-04-14 00:00:00-04:00,0.0,0.4466438136989077,0.4057279318386933
2023-04-17 00:00:00-04:00,0.0,0.12664593084144277,0.4184689263672695
2023-04-18 00:00:00-04:00,0.0,0.6194697474751663,0.4227566675444376
2023-04-19 00:00:00-04:00,0.0,0.1460692342699887,0.3793583434870044
2023-04-20 00:00:00-04:00,0.0,0.15338441677220696,0.4010074010771253
2023-04-21 00:00:00-04:00,0.0,0.1006505505463418,0.39581710311589025
2023-04-24 00:00:00-04:00,0.0,0.16470192502424474,0.4125813317348758
2023-04-25 00:00:00-04:00,0.0,0.9676444050413927,0.469159539972875
2023-04-26 00:00:00-04:00,0.0,0.9073471190114446,0.4486509824148153
2023-04-27 00:00:00-04:00,0.0,0.8068901860210894,0.4344129265853451
2023-04-28 00:00:00-04:00,0.0,0.9331304091718383,0.46402050411113305
2023-05-01 00:00:00-04:00,0.0,0.9250595316540131,0.4516830280960421
2023-05-02 00:00:00-04:00,0.0,0.21384531733603176,0.3963566064650437
2023-05-03 00:00:00-04:00,0.0,0.8892475274107232,0.4499088975986926
2023-05-04 00:00:00-04:00,0.0,0.8129473390305195,0.41472678363049337
2023-05-05 00:00:00-04:00,0.0,0.5155568463633273,0.4090322186043467
2023-05-08 00:00:00-04:00,0.0,0.2002710862823859,0.41018617272161656
2023-05-09 00:00:00-04:00,0.0,0.11804158703638457,0.4340265248399932
2023-05-10 00:00:00-04:00,0.0,0.24311204430226227,0.4565136660626139
2023-05-11 00:00:00-04:00,0.0,0.1390839433039758,0.45035648387491295
2023-05-12 00:00:00-04:00,0.0,0.1280027874483004,0.4441562299114425
2023-05-15 00:00:00-04:00,0.0,0.5801819747577615,0.4109133927160114
2023-05-16 00:00:00-04:00,0.0,0.09064734060575498,0.47388750356256554
2023-05-17 00:00:00-04:00,0.0,0.13515709899736106,0.4174613219478052
2023-05-18 00:00:00-04:00,0.0,0.32968910771376825,0.3963850738116787
2023-05-19 00:00:00-04:00,0.0,0.2143227020571622,0.38180918812554965
2023-05-22 00:00:00-04:00,0.0,0.07777833805277308,0.4379827336569559
2023-05-23 00:00:00-04:00,0.0,0.15494525617864674,0.41926552867464234
2023-05-24 00:00:00-04:00,0.0,0.49365124563344137,0.4165340270858156
2023-05-25 00:00:00-04:00,0.0,0.1744777946002082,0.39133827947190875
2023-05-26 00:00:00-04:00,0.0,0.7095255519235526,0.422127443365512
2023-05-30 00:00:00-04:00,0.0,0.3900193797401322,0.4060393152756072
2023-05-31 00:00:00-04:00,0.0,0.30788310078226855,0.41291047912066947
2023-06-01 00:00:00-04:00,0.0,0.40758449045411266,0.3981545484571103
2023-06-02 00:00:00-04:00,0.0,0.18038828193647075,0.4081930882243756
2023-06-05 00:00:00-04:00,0.0,0.4445328022581726,0.4159823197361882
2023-06-06 00:00:00-04:00,0.0,0.42092922180100667,0.41277420403928117
2023-06-07 00:00:00-04:00,0.0,0.4204039692757541,0.4160956728693898
2023-06-08 00:00:00-04:00,0.0,0.9680959842832921,0.4723247724937555
2023-06-09 00:00:00-04:00,0.0,0.9586786793214125,0.45832159761104335
2023-06-12 00:00:00-04:00,0.0,0.7710447018473269,0.4407638908931301
2023-06-13 00:00:00-04:00,0.0,0.14447503565426162,0.3884700816850055
2023-06-14 00:00:00-04:00,0.0,0.20715123485350495,0.3780851793269504
2023-06-15 00:00:00-04:00,0.0,0.4773110666597017,0.40738096848216515
2023-06-16 00:00:00-04:00,0.0,0.47558688549741407,0.3943930101374973
2023-06-20 00:00:00-04:00,0.0,0.4559341048470175,0.3804490655476472
2023-06-21 00:00:00-04:00,0.0,0.25723940873739937,0.38753719029969186
2023-06-22 00:00:00-04:00,0.0,0.2130156619899832,0.42853744343009453
2023-06-23 00:00:00-04:00,0.0,0.7108950530335899,0.41516323208612094
2023-06-26 00:00:00-04:00,0.0,0.5009378541122288,0.39594919381684274
2023-06-27 00:00:00-04:00,0.0,0.1718918547790952,0.4043594986016175
2023-06-28 00:00:00-04:00,0.0,0.5688346668230859,0.4060805914921142
2023-06-29 00:00:00-04:00,0.0,0.2286855888498731,0.43755010049766074
2023-06-30 00:00:00-04:00,0.0,0.4417237657017559,0.4041757883140133
2023-07-03 00:00:00-04:00,0.0,0.6200610177573553,0.412607482722247
2023-07-05 00:00:00-04:00,0.0,0.3149298558819716,0.3788708835656068
2023-07-06 00:00:00-04:00,0.0,0.44535513027853235,0.3997802525574586
2023-07-07 00:00:00-04:00,0.0,0.4778517747013967,0.38842047153061837
2023-07-10 00:00:00-04:00,0.0,0.5960248074930313,0.42564323427647904
2023-07-11 00:00:00-04:00,0.0,0.9564812224503058,0.46108242515239467
2023-07-12 00:00:00-04:00,0.0,0.6632561624058697,0.43633274616471496
2023-07-13 00:00:00-04:00,0.0,0.14497145307981518,0.4204888944580851
2023-07-14 00:00:00-04:00,0.0,0.13016235036724896,0.41350805806663615
2023-07-17 00:00:00-04:00,0.0,0.8777683044794959,0.4289313572245887
2023-07-18 00:00:00-04:00,0.0,0.573837353659843,0.41850449805542267
2023-07-19 00:00:00-04:00,0.0,0.8423832396194303,0.4342803972560218
2023-07-20 00:00:00-04:00,0.0,0.5390704263812496,0.39564056905922673
2023-07-21 00:00:00-04:00,0.0,0.1382115784936425,0.3874920329731443
2023-07-24 00:00:00-04:00,0.0,0.5220925702417847,0.40174578845999637
2023-07-25 00:00:00-04:00,0.0,0.17930718781981592,0.38583910851807446
2023-07-26 00:00:00-04:00,0.0,0.712446332730436,0.41105533538407296
2023-07-27 00:00:00-04:00,0.0,0.2968152413374928,0.43696362916145076
2023-07-28 00:00:00-04:00,0.0,0.5450589628557654,0.40447036324089974
2023-07-31 00:00:00-04:00,0.0,0.2818981543957438,0.4081318566116795
2023-08-01 00:00:00-04:00,0.0,0.25354474715812836,0.4082118121915668
2023-08-02 00:00:00-04:00,0.0,0.8064299927798406,0.4182149341982343
2023-08-03 00:00:00-04:00,0.0,0.8191137765636243,0.4245897403639295
2023-08-04 00:00:00-04:00,0.0,0.4835191046870053,0.40723715282944367
2023-08-07 00:00:00-04:00,0.0,0.5285476162276906,0.4140121743824832
2023-08-08 00:00:00-04:00,0.0,0.7213039907100354,0.41843039847878144
2023-08-09 00:00:00-04:00,0.0,0.8137807588853682,0.4272254750834513
2023-08-10 00:00:00-04:00,0.0,0.3922985148013856,0.3918474660025645
2023-08-11 00:00:00-04:00,0.0,0.6038209462961397,0.40059345914966005
2023-08-14 00:00:00-04:00,0.0,0.28580296932390703,0.42489950737343585
2023-08-15 00:00:00-04:00,0.0,0.3924884628053959,0.39310174952485
2023-08-16 00:00:00-04:00,0.0,0.5050212027285054,0.413794127807397
2023-08-17 00:00:00-04:00,0.0,0.41840991296509117,0.41719140595726256
2023-08-18 00:00:00-04:00,0.0,0.5426948974013888,0.41161297745041137
2023-08-21 00:00:00-04:00,0.0,0.5168777424571819,0.3948035680170015
2023-08-22 00:00:00-04:00,0.0,0.20054758573251058,0.41561421681594407
2023-08-23 00:00:00-04:00,0.0,0.18004883530675145,0.4445491321979598
2023-08-24 00:00:00-04:00,0.0,0.07912608622670197,0.4192949852627256
2023-08-25 00:00:00-04:00,0.0,0.16876522014089496,0.40793128486454994
2023-08-28 00:00:00-04:00,0.0,0.19742613712670704,0.44269059645679576
2023-08-29 00:00:00-04:00,0.0,0.09452284073399156,0.4422215240794471
2023-08-30 00:00:00-04:00,0.0,0.3786538752238629,0.4360297896821743
2023-08-31 00:00:00-04:00,0.0,0.2669669571396819,0.43738998984865357
2023-09-01 00:00:00-04:00,0.0,0.2761569738736746,0.4608268702379202
2023-09-05 00:00:00-04:00,0.0,0.22628664250206104,0.3883459008653913
2023-09-06 00:00:00-04:00,0.0,0.23961052575892247,0.4039317718701761
2023-09-07 00:00:00-04:00,0.0,0.10650120958457443,0.4635071358638208
2023-09-08 00:00:00-04:00,0.0,0.34682779120311547,0.4134869030671518
2023-09-11 00:00:00-04:00,0.0,0.7848761260233386,0.4307468959052807
2023-09-12 00:00:00-04:00,0.0,0.3714709914146279,0.42919361372241305
2023-09-13 00:00:00-04:00,0.0,0.08543997646176907,0.41226871076365856
2023-09-14 00:00:00-04:00,0.0,0.689201121507162,0.41637989880819787
2023-09-15 00:00:00-04:00,0.0,0.39071153810437664,0.402288067129539
2023-09-18 00:00:00-04:00,0.0,0.06281259275425938,0.4840789509946072
2023-09-19 00:00:00-04:00,0.0,0.038893342695432695,0.49300127130459404
2023-09-20 00:00:00-04:00,0.0,0.04092141044396584,0.4400001955194818
2023-09-21 00:00:00-04:00,0.0,0.03873631367798673,0.4635838020496774
2023-09-22 00:00:00-04:00,0.0,0.13821190642966305,0.4544622996136392
2023-09-25 00:00:00-04:00,0.0,0.020309991417033903,0.48040090430926835
2023-09-26 00:00:00-04:00,0.0,0.6872677865703716,0.42746980971626525
2023-09-27 00:00:00-04:00,0.0,0.6688171241443162,0.4315505225115228
2023-09-28 00:00:00-04:00,0.0,0.7131810375954889,0.42527547780656577
2023-09-29 00:00:00-04:00,0.0,0.4155519442001282,0.4508425623574233
2023-10-02 00:00:00-04:00,0.0,0.5239629988739894,0.4246541291871047
2023-10-03 00:00:00-04:00,0.0,0.6184750062829918,0.42962602082872153
2023-10-04 00:00:00-04:00,0.0,0.35198147235196336,0.4788083315291381
2023-10-05 00:00:00-04:00,0.0,0.4127573168139406,0.4589642018475509
2023-10-06 00:00:00-04:00,0.0,0.4002120024717172,0.3876061456996253
2023-10-09 00:00:00-04:00,0.0,0.18196840705082853,0.416772938971738
2023-10-10 00:00:00-04:00,0.0,0.3769707438076468,0.48046405259284725
2023-10-11 00:00:00-04:00,0.0,0.4193519701788251,0.434626322423551
2023-10-12 00:00:00-04:00,0.0,0.7377211372628831,0.429622201943105
2023-10-13 00:00:00-04:00,0.0,0.7099357709703397,0.42794617656383266
2023-10-16 00:00:00-04:00,0.0,0.9021036691190596,0.44976982357472733
2023-10-17 00:00:00-04:00,0.0,0.9644483501612049,0.4866524679397698
2023-10-18 00:00:00-04:00,0.0,0.9111660406250027,0.4692134019922699
2023-10-19 00:00:00-04:00,0.0,0.9699828965864397,0.4895138499330963
2023-10-20 00:00:00-04:00,0.0,0.4741568325251475,0.39139061094495925
2023-10-23 00:00:00-04:00,0.0,0.6504758126092949,0.4293327225597945
2023-10-24 00:00:00-04:00,0.0,0.3737575138135651,0.4926571889074889
2023-10-25 00:00:00-04:00,0.0,0.44196023850109073,0.43958376778684527
2023-10-26 00:00:00-04:00,0.0,0.8151274167112177,0.4345390792096271
2023-10-27 00:00:00-04:00,0.0,0.2872240805490644,0.47509560419641406
2023-10-30 00:00:00-04:00,0.0,0.34287501755262,0.4583086116465178
2023-10-31 00:00:00-04:00,0.0,0.3243375135462678,0.47006841434560687
2023-11-01 00:00:00-04:00,0.0,0.17013951093524238,0.4398023229953972
2023-11-02 00:00:00-04:00,0.0,0.23489777010758986,0.4259441386964051
2023-11-03 00:00:00-04:00,0.0,0.21896712344576108,0.4043817263152329
2023-11-06 00:00:00-05:00,0.0,0.2358054952535006,0.40665832572242894
2023-11-07 00:00:00-05:00,0.0,0.365405895803513,0.4536934835647698
2023-11-08 00:00:00-05:00,0.0,0.42583105385235615,0.38656743237574437
2023-11-09 00:00:00-05:00,0.0,0.4319440499768965,0.45940640995255666
2023-11-10 00:00:00-05:00,0.0,0.2742981698162669,0.4193228236408395
2023-11-13 00:00:00-05:00,0.0,0.41518665389402626,0.4443962836614584
2023-11-14 00:00:00-05:00,0.0,0.17319274648643784,0.41932832141236925
2023-11-15 00:00:00-05:00,0.0,0.06023042014973389,0.4413604332955327
2023-11-16 00:00:00-05:00,0.0,0.2155554816815946,0.38866039057092333
2023-11-17 00:00:00-05:00,0.0,0.2533787132722327,0.3963292880804982
2023-11-20 00:00:00-05:00,0.0,0.21430992651710545,0.4110557927639928
2023-11-21 00:00:00-05:00,0.0,0.32012991818152914,0.43757718782957494
2023-11-22 00:00:00-05:00,0.0,0.17976217990409699,0.46603614984101266
2023-11-24 00:00:00-05:00,0.0,0.524086922456412,0.4292293069881774
2023-11-27 00:00:00-05:00,0.0,0.652655579466746,0.404388505033908
2023-11-28 00:00:00-05:00,0.0,0.3851654315002999,0.4270381834369051
2023-11-29 00:00:00-05:00,0.0,0.33577438784245683,0.4104138668637621
2023-11-30 00:00:00-05:00,0.0,0.5269444211216686,0.4215047387403823
2023-12-01 00:00:00-05:00,0.0,0.5180650496887736,0.4114065049213744
2023-12-04 00:00:00-05:00,0.0,0.4812054317297582,0.41360618453448783
2023-12-05 00:00:00-05:00,0.0,0.4742151688206065,0.40098337860912964
2023-12-06 00:00:00-05:00,0.0,0.2386489735592722,0.4179692439554582
2023-12-07 00:00:00-05:00,0.0,0.42324620057348095,0.4106481359638605
2023-12-08 00:00:00-05:00,0.0,0.2683949281940691,0.41398705405372715
2023-12-11 00:00:00-05:00,0.0,0.20603117520586134,0.42780397653382907
2023-12-12 00:00:00-05:00,0.0,0.35170930873487544,0.42037521317687493
2023-12-13 00:00:00-05:00,0.0,0.3313889946186101,0.416223213226466
2023-12-14 00:00:00-05:00,0.0,0.2502541957905742,0.43199580728810916
2023-12-15 00:00:00-05:00,0.0,0.3253796078411637,0.41374893307489047
2023-12-18 00:00:00-05:00,0.0,0.2882591906908453,0.41402488767903933
2023-12-19 00:00:00-05:00,0.0,0.4214676182629563,0.3945393949562928
2023-12-20 00:00:00-05:00,0.0,0.46994690843489345,0.3883678746203769
