date,actual_return,actual_direction
2020-09-11 00:00:00-04:00,0.0314678492172932,1
2020-09-14 00:00:00-04:00,-0.0261980425651726,-1
2020-09-15 00:00:00-04:00,-0.0478173557471024,-1
2020-09-16 00:00:00-04:00,0.0061975271871121,1
2020-09-17 00:00:00-04:00,-0.0530796379136029,-1
2020-09-18 00:00:00-04:00,0.0778649984139108,1
2020-09-21 00:00:00-04:00,-0.0094073066607999,-1
2020-09-22 00:00:00-04:00,-0.05778528992082,-1
2020-09-23 00:00:00-04:00,0.0309974960962976,1
2020-09-24 00:00:00-04:00,0.0606842134222059,1
2020-09-25 00:00:00-04:00,-0.0039995415766172,-1
2020-09-28 00:00:00-04:00,-0.0066346098610251,-1
2020-09-29 00:00:00-04:00,0.0338340631104918,1
2020-09-30 00:00:00-04:00,-0.0403774108989599,-1
2020-10-01 00:00:00-04:00,0.0090354487151374,1
2020-10-02 00:00:00-04:00,0.0157143116841286,1
2020-10-05 00:00:00-04:00,-0.0093346517842618,-1
2020-10-06 00:00:00-04:00,0.0142207453820245,1
2020-10-07 00:00:00-04:00,-0.0083439067078399,-1
2020-10-08 00:00:00-04:00,0.041464221491904,1
2020-10-09 00:00:00-04:00,0.0433948915401804,1
2020-10-12 00:00:00-04:00,-0.0340864125066341,-1
2020-10-13 00:00:00-04:00,-0.0188430758447504,-1
2020-10-14 00:00:00-04:00,0.0215635872317429,1
2020-10-15 00:00:00-04:00,-0.0108838464977079,-1
2020-10-16 00:00:00-04:00,-0.0313439240894162,-1
2020-10-19 00:00:00-04:00,0.004044853992782,1
2020-10-20 00:00:00-04:00,0.0066855580303649,1
2020-10-21 00:00:00-04:00,-0.0090251348810858,-1
2020-10-22 00:00:00-04:00,-0.0204484016759898,-1
2020-10-23 00:00:00-04:00,0.0129810778083276,1
2020-10-26 00:00:00-04:00,-0.0038099394023802,-1
2020-10-27 00:00:00-04:00,-0.0232940439737651,-1
2020-10-28 00:00:00-04:00,-0.011657903779739,-1
2020-10-29 00:00:00-04:00,-0.0175579050280141,-1
2020-10-30 00:00:00-04:00,0.0050406690744129,1
2020-11-02 00:00:00-05:00,0.0408535271986409,1
2020-11-03 00:00:00-05:00,0.0333802127248507,1
2020-11-04 00:00:00-05:00,0.0048673518459505,1
2020-11-05 00:00:00-05:00,0.0184246957363977,1
2020-11-06 00:00:00-05:00,-0.0410788693933676,-1
2020-11-09 00:00:00-05:00,0.0141929435610869,1
2020-11-10 00:00:00-05:00,0.0207356737922846,1
2020-11-11 00:00:00-05:00,-0.0015047680596452,-1
2020-11-12 00:00:00-05:00,-0.004353955981692,-1
2020-11-13 00:00:00-05:00,0.0052979495670319,1
2020-11-16 00:00:00-05:00,-0.0078629269321377,-1
2020-11-17 00:00:00-05:00,-0.0085996089524814,-1
2020-11-18 00:00:00-05:00,0.0089293859232436,1
2020-11-19 00:00:00-05:00,-0.012306264358878,-1
2020-11-20 00:00:00-05:00,-0.0279057460031453,-1
2020-11-23 00:00:00-05:00,0.0143974296509598,1
2020-11-24 00:00:00-05:00,0.0088274267817423,1
2020-11-25 00:00:00-05:00,0.0034313586231563,1
2020-11-27 00:00:00-05:00,0.0345388659240672,1
2020-11-30 00:00:00-05:00,0.0083461585633429,1
2020-12-01 00:00:00-05:00,0.0122930572448889,1
2020-12-02 00:00:00-05:00,-0.007448043548869,-1
2020-12-03 00:00:00-05:00,-0.0023655824110731,-1
2020-12-04 00:00:00-05:00,0.0168425042357801,1
2020-12-07 00:00:00-05:00,0.0012866355816748,1
2020-12-08 00:00:00-05:00,-0.0323617142124649,-1
2020-12-09 00:00:00-05:00,0.0160167239234172,1
2020-12-10 00:00:00-05:00,0.0013884568103589,1
2020-12-11 00:00:00-05:00,0.0141923463453099,1
2020-12-14 00:00:00-05:00,0.0246904514186862,1
2020-12-15 00:00:00-05:00,0.0116946927584567,1
2020-12-16 00:00:00-05:00,0.0004653022132916,1
2020-12-17 00:00:00-05:00,-0.0305520639711232,-1
2020-12-18 00:00:00-05:00,0.0527115222510791,1
2020-12-21 00:00:00-05:00,0.0041790198674943,1
2020-12-22 00:00:00-05:00,-0.006356055213513,-1
2020-12-23 00:00:00-05:00,0.0203320051254907,1
2020-12-24 00:00:00-05:00,0.0303011653514225,1
2020-12-28 00:00:00-05:00,-0.0178922812286716,-1
2020-12-29 00:00:00-05:00,-0.011063814797466,-1
2020-12-30 00:00:00-05:00,-0.0041766154563454,-1
2020-12-31 00:00:00-05:00,-0.0346762876963105,-1
2021-01-04 00:00:00-05:00,-0.0090773289213351,-1
2021-01-05 00:00:00-05:00,0.0050109003119493,1
2021-01-06 00:00:00-05:00,0.0317076365728066,1
2021-01-07 00:00:00-05:00,-0.0244656567731081,-1
2021-01-08 00:00:00-05:00,-0.0053410688189776,-1
2021-01-11 00:00:00-05:00,0.0020232719420498,1
2021-01-12 00:00:00-05:00,0.0158435141822648,1
2021-01-13 00:00:00-05:00,-0.0154435795718112,-1
2021-01-14 00:00:00-05:00,-0.0077650602492704,-1
2021-01-15 00:00:00-05:00,0.0068867293824132,1
2021-01-19 00:00:00-05:00,0.0399504669590133,1
2021-01-20 00:00:00-05:00,0.0185349384354479,1
2021-01-21 00:00:00-05:00,0.0498241108653551,1
2021-01-22 00:00:00-05:00,0.0037040944236141,1
2021-01-25 00:00:00-05:00,-0.001183589883086,-1
2021-01-26 00:00:00-05:00,-0.0272604882574647,-1
2021-01-27 00:00:00-05:00,-0.0264480993339103,-1
2021-01-28 00:00:00-05:00,-0.0153130615187365,-1
2021-01-29 00:00:00-05:00,0.0148033364897726,1
2021-02-01 00:00:00-05:00,0.0002210361957581,1
2021-02-02 00:00:00-05:00,0.0039778383348679,1
2021-02-03 00:00:00-05:00,0.0092092533724853,1
2021-02-04 00:00:00-05:00,-0.0096104586618663,-1
2021-02-05 00:00:00-05:00,0.0043373585768446,1
2021-02-08 00:00:00-05:00,-0.0010245722602256,-1
2021-02-09 00:00:00-05:00,-0.0042497849751793,-1
2021-02-10 00:00:00-05:00,-0.0114053943405549,-1
2021-02-11 00:00:00-05:00,0.0084850578024067,1
2021-02-12 00:00:00-05:00,-0.0312937019035876,-1
2021-02-16 00:00:00-05:00,-0.015619043948046,-1
2021-02-17 00:00:00-05:00,0.0080497964822351,1
2021-02-18 00:00:00-05:00,-0.0171224014284652,-1
2021-02-19 00:00:00-05:00,-0.0332004403841831,-1
2021-02-22 00:00:00-05:00,0.0095344977093264,1
2021-02-23 00:00:00-05:00,-0.0020810183227852,-1
2021-02-24 00:00:00-05:00,-0.0167628786001263,-1
2021-02-25 00:00:00-05:00,0.0094624723594994,1
2021-02-26 00:00:00-05:00,0.0376566214342061,1
2021-03-01 00:00:00-05:00,-0.0280353284761835,-1
2021-03-02 00:00:00-05:00,-0.0245172958246996,-1
2021-03-03 00:00:00-05:00,-0.0063243553751544,-1
2021-03-04 00:00:00-05:00,-0.0004131362556349,-1
2021-03-05 00:00:00-05:00,-0.0157117827594777,-1
2021-03-08 00:00:00-05:00,0.0223474873050254,1
2021-03-09 00:00:00-05:00,0.006984895422375,1
2021-03-10 00:00:00-05:00,-0.0174637920325826,-1
2021-03-11 00:00:00-05:00,0.0083887502877247,1
2021-03-12 00:00:00-05:00,0.0353347998569325,1
2021-03-15 00:00:00-04:00,-0.013126448192375,-1
2021-03-16 00:00:00-04:00,-0.0094318211268881,-1
2021-03-17 00:00:00-04:00,-0.0242510811882589,-1
2021-03-18 00:00:00-04:00,0.0035860408990311,1
2021-03-19 00:00:00-04:00,0.0249316567344482,1
2021-03-22 00:00:00-04:00,-0.0041354616901634,-1
2021-03-23 00:00:00-04:00,-0.0267055167813408,-1
2021-03-24 00:00:00-04:00,0.0067759008795497,1
2021-03-25 00:00:00-04:00,0.0108019851268705,1
2021-03-26 00:00:00-04:00,-0.0126594413610755,-1
2021-03-29 00:00:00-04:00,0.0128217336461811,1
2021-03-30 00:00:00-04:00,0.0165227400010303,1
2021-03-31 00:00:00-04:00,0.0016981401078264,1
2021-04-01 00:00:00-04:00,0.0212318875769271,1
2021-04-05 00:00:00-04:00,-0.0052964025155569,-1
2021-04-06 00:00:00-04:00,0.0247952541305792,1
2021-04-07 00:00:00-04:00,0.0065919852725092,1
2021-04-08 00:00:00-04:00,0.02095504582067,1
2021-04-09 00:00:00-04:00,-0.0006035852972787,-1
2021-04-12 00:00:00-04:00,0.0188763768679339,1
2021-04-13 00:00:00-04:00,-0.0083000723833275,-1
2021-04-14 00:00:00-04:00,0.0035869777115596,1
2021-04-15 00:00:00-04:00,-0.0058821565257457,-1
2021-04-16 00:00:00-04:00,0.0113099736438497,1
2021-04-19 00:00:00-04:00,-0.019700656086446,-1
2021-04-20 00:00:00-04:00,0.0051372820208158,1
2021-04-21 00:00:00-04:00,-0.0066142530356535,-1
2021-04-22 00:00:00-04:00,0.0202021517726572,1
2021-04-23 00:00:00-04:00,0.0013351122805492,1
2021-04-26 00:00:00-04:00,-0.005184434979774,-1
2021-04-27 00:00:00-04:00,0.0160821707655861,1
2021-04-28 00:00:00-04:00,-0.0343666437842385,-1
2021-04-29 00:00:00-04:00,0.0019730664395219,1
2021-04-30 00:00:00-04:00,-0.0064373328841248,-1
2021-05-03 00:00:00-04:00,-0.0151689847670185,-1
2021-05-04 00:00:00-04:00,-0.0101393631473154,-1
2021-05-05 00:00:00-04:00,0.0248830698638433,1
2021-05-06 00:00:00-04:00,-0.0110050882163358,-1
2021-05-07 00:00:00-04:00,-0.0456689857360258,-1
2021-05-10 00:00:00-04:00,-0.0008095747633953,-1
2021-05-11 00:00:00-04:00,0.0095622925626147,1
2021-05-12 00:00:00-04:00,0.0134050528107707,1
2021-05-13 00:00:00-04:00,0.0045148551729986,1
2021-05-14 00:00:00-04:00,-0.0020500518952613,-1
2021-05-17 00:00:00-04:00,-0.0268646498340602,-1
2021-05-18 00:00:00-04:00,0.0168073048375028,1
2021-05-19 00:00:00-04:00,0.0206819635120045,1
2021-05-20 00:00:00-04:00,-0.0141606932015867,-1
2021-05-21 00:00:00-04:00,0.0143640832137698,1
2021-05-24 00:00:00-04:00,-0.0067281922543837,-1
2021-05-25 00:00:00-04:00,-0.004095872122812,-1
2021-05-26 00:00:00-04:00,-0.006880705813521,-1
2021-05-27 00:00:00-04:00,-0.0039022983480103,-1
2021-05-28 00:00:00-04:00,-0.0063958611643157,-1
2021-06-01 00:00:00-04:00,0.0032185286999343,1
2021-06-02 00:00:00-04:00,-0.00489252459616,-1
2021-06-03 00:00:00-04:00,0.0169259624723622,1
2021-06-04 00:00:00-04:00,0.0034080669835384,1
2021-06-07 00:00:00-04:00,0.0048182721968044,1
2021-06-08 00:00:00-04:00,-0.0014935745396776,-1
2021-06-09 00:00:00-04:00,-0.0038575692334066,-1
2021-06-10 00:00:00-04:00,0.0101950470673531,1
2021-06-11 00:00:00-04:00,0.0165860634688009,1
2021-06-14 00:00:00-04:00,0.0033092036436648,1
2021-06-15 00:00:00-04:00,-0.0043723488162177,-1
2021-06-16 00:00:00-04:00,0.0070107734867136,1
2021-06-17 00:00:00-04:00,-0.0031365419666621,-1
2021-06-18 00:00:00-04:00,0.0140444578477561,1
2021-06-21 00:00:00-04:00,0.0124120049545736,1
2021-06-22 00:00:00-04:00,0.0050832473424191,1
2021-06-23 00:00:00-04:00,-0.0073633526643019,-1
2021-06-24 00:00:00-04:00,-0.0003743085477302,-1
2021-06-25 00:00:00-04:00,0.0104188590217933,1
2021-06-28 00:00:00-04:00,0.0101631302135169,1
2021-06-29 00:00:00-04:00,0.0031577784788173,1
2021-06-30 00:00:00-04:00,0.0095167240618023,1
2021-07-01 00:00:00-04:00,0.0157361519120379,1
2021-07-02 00:00:00-04:00,0.0247733098068004,1
2021-07-06 00:00:00-04:00,-0.0136546553936284,-1
2021-07-07 00:00:00-04:00,0.0082637862284041,1
2021-07-08 00:00:00-04:00,0.0242383421234791,1
2021-07-09 00:00:00-04:00,-0.0149100079763795,-1
2021-07-12 00:00:00-04:00,0.0282578622440724,1
2021-07-13 00:00:00-04:00,0.007697592480861,1
2021-07-14 00:00:00-04:00,-0.0052267033179681,-1
2021-07-15 00:00:00-04:00,-0.0317255263146313,-1
2021-07-16 00:00:00-04:00,-0.002017548776749,-1
2021-07-19 00:00:00-04:00,0.0144294905637625,1
2021-07-20 00:00:00-04:00,0.0028171378728687,1
2021-07-21 00:00:00-04:00,0.0110319661867578,1
2021-07-22 00:00:00-04:00,0.0048795494953175,1
2021-07-23 00:00:00-04:00,0.0057325229187286,1
2021-07-26 00:00:00-04:00,-0.0289026128140744,-1
2021-07-27 00:00:00-04:00,-0.0008285583616365,-1
2021-07-28 00:00:00-04:00,-0.0021426107254004,-1
2021-07-29 00:00:00-04:00,0.0137137562157261,1
2021-07-30 00:00:00-04:00,-0.0037578583928477,-1
2021-08-02 00:00:00-04:00,0.0100131032231538,1
2021-08-03 00:00:00-04:00,-0.0019692347088357,-1
2021-08-04 00:00:00-04:00,-0.0027944168845164,-1
2021-08-05 00:00:00-04:00,-0.0010251103330672,-1
2021-08-06 00:00:00-04:00,0.0016416640900612,1
2021-08-09 00:00:00-04:00,-0.0026629449034253,-1
2021-08-10 00:00:00-04:00,0.0009585106312744,1
2021-08-11 00:00:00-04:00,0.0190161720597955,1
2021-08-12 00:00:00-04:00,-0.002886338666382,-1
2021-08-13 00:00:00-04:00,0.0113771864372483,1
2021-08-16 00:00:00-04:00,-0.0028622870195187,-1
2021-08-17 00:00:00-04:00,-0.0318423170289726,-1
2021-08-18 00:00:00-04:00,0.0166172480779211,1
2021-08-19 00:00:00-04:00,0.0059006651652051,1
2021-08-20 00:00:00-04:00,0.007686637878534,1
2021-08-23 00:00:00-04:00,0.00240867893659,1
2021-08-24 00:00:00-04:00,-0.0097455042968845,-1
2021-08-25 00:00:00-04:00,-0.005864317574654,-1
2021-08-26 00:00:00-04:00,0.0103062117460133,1
2021-08-27 00:00:00-04:00,0.0245638143833578,1
2021-08-30 00:00:00-04:00,0.0011135989972825,1
2021-08-31 00:00:00-04:00,0.0068049735442264,1
2021-09-01 00:00:00-04:00,-0.0007149877563084,-1
2021-09-02 00:00:00-04:00,0.0078695311379383,1
2021-09-03 00:00:00-04:00,0.0129698777090192,1
2021-09-07 00:00:00-04:00,-0.0094913618328348,-1
2021-09-08 00:00:00-04:00,-0.0031512009747655,-1
2021-09-09 00:00:00-04:00,-0.0281935933035401,-1
2021-09-10 00:00:00-04:00,-0.0018589907154224,-1
2021-09-13 00:00:00-04:00,-0.0119054563015477,-1
2021-09-14 00:00:00-04:00,-0.0008078920434763,-1
2021-09-15 00:00:00-04:00,0.0025601568093527,1
2021-09-16 00:00:00-04:00,-0.0337321620868311,-1
2021-09-17 00:00:00-04:00,0.000903920750995,1
2021-09-20 00:00:00-04:00,0.0036127936865871,1
2021-09-21 00:00:00-04:00,0.015230517326,1
2021-09-22 00:00:00-04:00,-0.0067508483445101,-1
2021-09-23 00:00:00-04:00,-0.0013045457056488,-1
2021-09-24 00:00:00-04:00,-0.0152607462746512,-1
2021-09-27 00:00:00-04:00,-0.0054448142297439,-1
2021-09-28 00:00:00-04:00,0.0083521753163438,1
2021-09-29 00:00:00-04:00,-0.0122508807779242,-1
2021-09-30 00:00:00-04:00,-0.0009866802946469,-1
2021-10-01 00:00:00-04:00,-0.0160131243972998,-1
2021-10-04 00:00:00-04:00,-0.0001434446933034,-1
2021-10-05 00:00:00-04:00,0.0257404679104431,1
2021-10-06 00:00:00-04:00,0.0067806407096977,1
2021-10-07 00:00:00-04:00,-0.0122199191041985,-1
2021-10-08 00:00:00-04:00,0.0067475487022647,1
2021-10-11 00:00:00-04:00,-0.0138934560742521,-1
2021-10-12 00:00:00-04:00,0.0061598266732246,1
2021-10-13 00:00:00-04:00,0.0116807126999391,1
2021-10-14 00:00:00-04:00,-0.0022258728021328,-1
2021-10-15 00:00:00-04:00,0.0248172738556945,1
2021-10-18 00:00:00-04:00,0.0114961553123723,1
2021-10-19 00:00:00-04:00,0.0007395204449118,1
2021-10-20 00:00:00-04:00,0.0059137561874533,1
2021-10-21 00:00:00-04:00,-0.0067477606756799,-1
2021-10-22 00:00:00-04:00,0.0043720010539557,1
2021-10-25 00:00:00-04:00,0.000200905594995,1
2021-10-26 00:00:00-04:00,0.0030797625102116,1
2021-10-27 00:00:00-04:00,-0.0173542047403645,-1
2021-10-28 00:00:00-04:00,0.0120229925423556,1
2021-10-29 00:00:00-04:00,-0.00221508305532,-1
2021-11-01 00:00:00-04:00,0.011637362148199,1
2021-11-02 00:00:00-04:00,0.0079127508919886,1
2021-11-03 00:00:00-04:00,0.0035075808860842,1
2021-11-04 00:00:00-04:00,-0.0031602662225417,-1
2021-11-05 00:00:00-04:00,-0.0079912606211575,-1
2021-11-08 00:00:00-05:00,-0.001198402550042,-1
2021-11-09 00:00:00-05:00,-0.0070658473011828,-1
2021-11-10 00:00:00-05:00,-0.0035580257750118,-1
2021-11-11 00:00:00-05:00,0.0130703045655043,1
2021-11-12 00:00:00-05:00,-0.0028598187871068,-1
2021-11-15 00:00:00-05:00,0.007069365587326,1
2021-11-16 00:00:00-05:00,0.0179470518713758,1
2021-11-17 00:00:00-05:00,0.0256325772678157,1
2021-11-18 00:00:00-05:00,0.0255629373831592,1
2021-11-19 00:00:00-05:00,-0.0034633134717599,-1
2021-11-22 00:00:00-05:00,-0.0022964273085385,-1
2021-11-23 00:00:00-05:00,-0.0073408151303367,-1
2021-11-24 00:00:00-05:00,-0.0012531838569028,-1
2021-11-26 00:00:00-05:00,0.0038902386799462,1
2021-11-29 00:00:00-05:00,0.0468153962221607,1
2021-11-30 00:00:00-05:00,-0.0521853707557773,-1
2021-12-01 00:00:00-05:00,0.0332619912529669,1
2021-12-02 00:00:00-05:00,0.001646167596571,1
2021-12-03 00:00:00-05:00,0.0291556930249329,1
2021-12-06 00:00:00-05:00,0.0180388656773138,1
2021-12-07 00:00:00-05:00,0.0161505573706977,1
2021-12-08 00:00:00-05:00,0.0017154989119478,1
2021-12-09 00:00:00-05:00,0.0337307374981908,1
2021-12-10 00:00:00-05:00,-0.0324095661802797,-1
2021-12-13 00:00:00-05:00,-0.0007988270910489,-1
2021-12-14 00:00:00-05:00,0.0238138082825528,1
2021-12-15 00:00:00-05:00,-0.052153272729821,-1
2021-12-16 00:00:00-05:00,-0.0097099078369447,-1
2021-12-17 00:00:00-05:00,0.0194915751319871,1
2021-12-20 00:00:00-05:00,0.0086263630705233,1
2021-12-21 00:00:00-05:00,0.0162393452464907,1
2021-12-22 00:00:00-05:00,0.0070512751260723,1
2021-12-23 00:00:00-05:00,0.0173359997178748,1
2021-12-27 00:00:00-05:00,-0.004607094899717,-1
2021-12-28 00:00:00-05:00,0.0007806867563517,1
2021-12-29 00:00:00-05:00,-0.0076893610891881,-1
2021-12-30 00:00:00-05:00,-0.0014601942787217,-1
2021-12-31 00:00:00-05:00,0.0269923955288045,1
2022-01-03 00:00:00-05:00,-0.0165360534980831,-1
2022-01-04 00:00:00-05:00,-0.0384724280776236,-1
2022-01-05 00:00:00-05:00,0.0011003608355953,1
2022-01-06 00:00:00-05:00,-0.0220372135074705,-1
2022-01-07 00:00:00-05:00,0.019162421740767,1
2022-01-10 00:00:00-05:00,0.0220517377254995,1
2022-01-11 00:00:00-05:00,-0.0019301644734205,-1
2022-01-12 00:00:00-05:00,-0.0252589517701765,-1
2022-01-13 00:00:00-05:00,0.0009924260114159,1
2022-01-14 00:00:00-05:00,-0.0088041293859384,-1
2022-01-18 00:00:00-05:00,-0.0177648264723041,-1
2022-01-19 00:00:00-05:00,-0.015331324221192,-1
2022-01-20 00:00:00-05:00,-0.0267606772618015,-1
2022-01-21 00:00:00-05:00,-0.0064991082220174,-1
2022-01-24 00:00:00-05:00,0.0284312584899186,1
2022-01-25 00:00:00-05:00,-0.0064219274090077,-1
2022-01-26 00:00:00-05:00,0.020067485683443,1
2022-01-27 00:00:00-05:00,0.0268542258614453,1
2022-01-28 00:00:00-05:00,0.0226258092310225,1
2022-01-31 00:00:00-05:00,0.0042527702045142,1
2022-02-01 00:00:00-05:00,-0.0015454295755229,-1
2022-02-02 00:00:00-05:00,-0.0147939098962371,-1
2022-02-03 00:00:00-05:00,0.006873274864785,1
2022-02-04 00:00:00-05:00,-0.0065369976308636,-1
2022-02-07 00:00:00-05:00,0.0251558003380903,1
2022-02-08 00:00:00-05:00,-0.0108492435171101,-1
2022-02-09 00:00:00-05:00,-0.0103941346088679,-1
2022-02-10 00:00:00-05:00,-0.0287819774332415,-1
2022-02-11 00:00:00-05:00,0.0215093789292371,1
2022-02-14 00:00:00-05:00,0.0051470824220118,1
2022-02-15 00:00:00-05:00,-0.0047717060733753,-1
2022-02-16 00:00:00-05:00,-0.0070746700662018,-1
2022-02-17 00:00:00-05:00,-0.028500830103437,-1
2022-02-18 00:00:00-05:00,0.0033942170959086,1
2022-02-22 00:00:00-05:00,-0.0782891056100738,-1
2022-02-23 00:00:00-05:00,0.0737971778656972,1
2022-02-24 00:00:00-05:00,-0.0047607842238315,-1
2022-02-25 00:00:00-05:00,0.0100578019963658,1
2022-02-28 00:00:00-05:00,-0.0018820463039929,-1
2022-03-01 00:00:00-05:00,0.0248190036321315,1
2022-03-02 00:00:00-05:00,-0.0236244650657399,-1
2022-03-03 00:00:00-05:00,-0.0068698078969428,-1
2022-03-04 00:00:00-05:00,-0.0277912881901219,-1
2022-03-07 00:00:00-05:00,0.016748623921587,1
2022-03-08 00:00:00-05:00,-0.0079266546153805,-1
2022-03-09 00:00:00-05:00,-0.0079278576631806,-1
2022-03-10 00:00:00-05:00,-0.0470649356345997,-1
2022-03-11 00:00:00-05:00,-0.0036311256372241,-1
2022-03-14 00:00:00-04:00,0.0407554658847787,1
2022-03-15 00:00:00-04:00,0.0099330966875004,1
2022-03-16 00:00:00-04:00,0.0119789891821205,1
2022-03-17 00:00:00-04:00,0.0186904893814436,1
2022-03-18 00:00:00-04:00,0.0122315521799981,1
2022-03-21 00:00:00-04:00,0.0149840573673165,1
2022-03-22 00:00:00-04:00,0.0182746655140715,1
2022-03-23 00:00:00-04:00,0.0164857668739117,1
2022-03-24 00:00:00-04:00,-0.0098344076906236,-1
2022-03-25 00:00:00-04:00,0.0262530201185822,1
2022-03-28 00:00:00-04:00,0.0105269970061267,1
2022-03-29 00:00:00-04:00,-0.0039763939440239,-1
2022-03-30 00:00:00-04:00,-0.0214236885119562,-1
2022-03-31 00:00:00-04:00,0.0031029108243547,1
2022-04-01 00:00:00-04:00,0.016783977573179,1
2022-04-04 00:00:00-04:00,-0.0289579323571395,-1
2022-04-05 00:00:00-04:00,-0.0069620579937006,-1
2022-04-06 00:00:00-04:00,0.003622334691864,1
2022-04-07 00:00:00-04:00,-0.0178716551936505,-1
2022-04-08 00:00:00-04:00,-0.0040899931096023,-1
2022-04-11 00:00:00-04:00,-0.0037495414871967,-1
2022-04-12 00:00:00-04:00,0.019296425355552,1
2022-04-13 00:00:00-04:00,-0.0392686444240131,-1
2022-04-14 00:00:00-04:00,0.0067103354034651,1
2022-04-18 00:00:00-04:00,0.022664144242701,1
2022-04-19 00:00:00-04:00,0.0008888480657086,1
2022-04-20 00:00:00-04:00,-0.014504734473328,-1
2022-04-21 00:00:00-04:00,-0.0320797912346738,-1
2022-04-22 00:00:00-04:00,0.0070135626974199,1
2022-04-25 00:00:00-04:00,-0.0390756584284625,-1
2022-04-26 00:00:00-04:00,0.0214226757757721,1
2022-04-27 00:00:00-04:00,0.0162637225526209,1
2022-04-28 00:00:00-04:00,-0.0316979966088933,-1
2022-04-29 00:00:00-04:00,0.0091889075099485,1
2022-05-02 00:00:00-04:00,0.0096112075825695,1
2022-05-03 00:00:00-04:00,0.0261788400357967,1
2022-05-04 00:00:00-04:00,-0.0464493863609172,-1
2022-05-05 00:00:00-04:00,-0.0069229537006788,-1
2022-05-06 00:00:00-04:00,0.0038083791890225,1
2022-05-09 00:00:00-04:00,-0.012988951147573,-1
2022-05-10 00:00:00-04:00,-0.0699020645297163,-1
2022-05-11 00:00:00-04:00,0.0127477199025985,1
2022-05-12 00:00:00-04:00,0.0066396792614688,1
2022-05-13 00:00:00-04:00,0.0227409029990663,1
2022-05-16 00:00:00-04:00,-0.0135023964245215,-1
2022-05-17 00:00:00-04:00,-0.0474633019537162,-1
2022-05-18 00:00:00-04:00,-0.0056478862062958,-1
2022-05-19 00:00:00-04:00,-0.009346462840995,-1
2022-05-20 00:00:00-04:00,0.0219175094889519,1
2022-05-23 00:00:00-04:00,-0.0169024331277071,-1
2022-05-24 00:00:00-04:00,-0.0075127423302876,-1
2022-05-25 00:00:00-04:00,0.058228530081897,1
2022-05-26 00:00:00-04:00,0.0253112580064328,1
2022-05-27 00:00:00-04:00,0.0055677499334068,1
2022-05-31 00:00:00-04:00,-0.0138091711284553,-1
2022-06-01 00:00:00-04:00,-0.0062908555254716,-1
2022-06-02 00:00:00-04:00,0.0008849290270148,1
2022-06-03 00:00:00-04:00,-0.0182276523178464,-1
2022-06-06 00:00:00-04:00,0.0293036638001107,1
2022-06-07 00:00:00-04:00,-0.0100952692694518,-1
2022-06-08 00:00:00-04:00,-0.0462335181335959,-1
2022-06-09 00:00:00-04:00,-0.052822976553851,-1
2022-06-10 00:00:00-04:00,0.0019568590755291,1
2022-06-13 00:00:00-04:00,0.0087134061823881,1
2022-06-14 00:00:00-04:00,-0.0164569287648362,-1
2022-06-15 00:00:00-04:00,-0.0152180680934124,-1
2022-06-16 00:00:00-04:00,0.0257554196090633,1
2022-06-17 00:00:00-04:00,0.0102681091420218,1
2022-06-21 00:00:00-04:00,0.0150604960711044,1
2022-06-22 00:00:00-04:00,0.0225113897024978,1
2022-06-23 00:00:00-04:00,0.0200143186126913,1
2022-06-24 00:00:00-04:00,-0.0039944245207615,-1
2022-06-27 00:00:00-04:00,-0.0328571343024423,-1
2022-06-28 00:00:00-04:00,-0.0015277095433368,-1
2022-06-29 00:00:00-04:00,-0.0088161451485078,-1
2022-06-30 00:00:00-04:00,0.0127168133188169,1
2022-07-01 00:00:00-04:00,0.0259854229018403,1
2022-07-05 00:00:00-04:00,0.0137245146082947,1
2022-07-06 00:00:00-04:00,0.0137486214318077,1
2022-07-07 00:00:00-04:00,0.0028223789590108,1
2022-07-08 00:00:00-04:00,0.0006178773968341,1
2022-07-11 00:00:00-04:00,-0.0190037689029953,-1
2022-07-12 00:00:00-04:00,0.007622945088631,1
2022-07-13 00:00:00-04:00,0.0395611768657246,1
2022-07-14 00:00:00-04:00,0.0064095491420148,1
2022-07-15 00:00:00-04:00,-0.0187078194925923,-1
2022-07-18 00:00:00-04:00,0.0216334471564108,1
2022-07-19 00:00:00-04:00,0.0223662067386832,1
2022-07-20 00:00:00-04:00,0.0057604500567527,1
2022-07-21 00:00:00-04:00,-0.0088809301269215,-1
2022-07-22 00:00:00-04:00,-0.0113626905976305,-1
2022-07-25 00:00:00-04:00,0.0021018119286721,1
2022-07-26 00:00:00-04:00,0.0288372291796661,1
2022-07-27 00:00:00-04:00,0.027137360585147,1
2022-07-28 00:00:00-04:00,-0.0014266395213306,-1
2022-07-29 00:00:00-04:00,-0.0056520875774304,-1
2022-08-01 00:00:00-04:00,0.0046222874662208,1
2022-08-02 00:00:00-04:00,0.0321436849452434,1
2022-08-03 00:00:00-04:00,-0.0155009265533504,-1
2022-08-04 00:00:00-04:00,0.0193617879070457,1
2022-08-05 00:00:00-04:00,-0.0141250835745894,-1
2022-08-08 00:00:00-04:00,0.0223142406832544,1
2022-08-09 00:00:00-04:00,0.0141937609414679,1
2022-08-10 00:00:00-04:00,-0.0014111986554392,-1
2022-08-11 00:00:00-04:00,0.010010508374218,1
2022-08-12 00:00:00-04:00,0.0073461445764983,1
2022-08-15 00:00:00-04:00,-5.793434491616816e-05,-1
2022-08-16 00:00:00-04:00,0.0056721326631817,1
2022-08-17 00:00:00-04:00,-0.0041437870110284,-1
2022-08-18 00:00:00-04:00,-0.0193029577264704,-1
2022-08-19 00:00:00-04:00,-0.0153809489203366,-1
2022-08-22 00:00:00-04:00,0.0014364036164321,1
2022-08-23 00:00:00-04:00,0.008725863739229,1
2022-08-24 00:00:00-04:00,0.0106056043076887,1
2022-08-25 00:00:00-04:00,-0.0552269633536346,-1
2022-08-26 00:00:00-04:00,0.0060814665625213,1
2022-08-29 00:00:00-04:00,-0.0112256795154446,-1
2022-08-30 00:00:00-04:00,-0.0228929515946191,-1
2022-08-31 00:00:00-04:00,0.0198544486928737,1
2022-09-01 00:00:00-04:00,-0.0205320319530287,-1
2022-09-02 00:00:00-04:00,-0.0105452394300834,-1
2022-09-06 00:00:00-04:00,-0.0011626301624002,-1
2022-09-07 00:00:00-04:00,0.0053674619092241,1
2022-09-08 00:00:00-04:00,0.0265000940802744,1
2022-09-09 00:00:00-04:00,0.0019425599908788,1
2022-09-12 00:00:00-04:00,-0.0319574836067294,-1
2022-09-13 00:00:00-04:00,-0.0009044365573711,-1
2022-09-14 00:00:00-04:00,-0.022243706942676,-1
2022-09-15 00:00:00-04:00,-0.012565380379123,-1
2022-09-16 00:00:00-04:00,0.0273926302232341,1
2022-09-19 00:00:00-04:00,0.0256845732938246,1
2022-09-20 00:00:00-04:00,-0.031524062960619,-1
2022-09-21 00:00:00-04:00,-0.0078096368794503,-1
2022-09-22 00:00:00-04:00,-0.0101194511612431,-1
2022-09-23 00:00:00-04:00,0.0205797939103929,1
2022-09-26 00:00:00-04:00,-0.0333901506117273,-1
2022-09-27 00:00:00-04:00,-0.0104306910358678,-1
2022-09-28 00:00:00-04:00,-0.0329912975089123,-1
2022-09-29 00:00:00-04:00,-0.0217297390510039,-1
2022-09-30 00:00:00-04:00,0.0493451832337471,1
2022-10-03 00:00:00-04:00,-0.0066190229398017,-1
2022-10-04 00:00:00-04:00,0.0120773418428271,1
2022-10-05 00:00:00-04:00,-0.0224265903776704,-1
2022-10-06 00:00:00-04:00,-0.0148730166112581,-1
2022-10-07 00:00:00-04:00,-0.0037031543483919,-1
2022-10-10 00:00:00-04:00,-0.0055038293287567,-1
2022-10-11 00:00:00-04:00,-0.0297563089086074,-1
2022-10-12 00:00:00-04:00,0.0690420875889703,1
2022-10-13 00:00:00-04:00,-0.0224514836606151,-1
2022-10-14 00:00:00-04:00,0.0313316601463072,1
2022-10-17 00:00:00-04:00,-0.0261186638199293,-1
2022-10-18 00:00:00-04:00,0.009386698027112,1
2022-10-19 00:00:00-04:00,-0.0010488684782031,-1
2022-10-20 00:00:00-04:00,0.0302373749116946,1
2022-10-21 00:00:00-04:00,0.0197022660845564,1
2022-10-24 00:00:00-04:00,0.0057966987008698,1
2022-10-25 00:00:00-04:00,-0.0191439508485699,-1
2022-10-26 00:00:00-04:00,0.000877611368002,1
2022-10-27 00:00:00-04:00,0.0334685159983221,1
2022-10-28 00:00:00-04:00,0.0125357234796465,1
2022-10-31 00:00:00-04:00,-0.0395277923466901,-1
2022-11-01 00:00:00-04:00,-0.0462573023322843,-1
2022-11-02 00:00:00-04:00,0.0018705682444518,1
2022-11-03 00:00:00-04:00,-0.0350482927835838,-1
2022-11-04 00:00:00-04:00,0.0240682795753662,1
2022-11-07 00:00:00-05:00,-0.0136030029464338,-1
2022-11-08 00:00:00-05:00,0.0197832144791604,1
2022-11-09 00:00:00-05:00,0.0324272414081459,1
2022-11-10 00:00:00-05:00,0.0216020302581078,1
2022-11-11 00:00:00-05:00,0.0218163913040065,1
2022-11-14 00:00:00-05:00,-0.020299389256054,-1
2022-11-15 00:00:00-05:00,-0.0181053114123875,-1
2022-11-16 00:00:00-05:00,0.0401559727682126,1
2022-11-17 00:00:00-05:00,-0.0141161851429367,-1
2022-11-18 00:00:00-05:00,-0.013518742242059,-1
2022-11-21 00:00:00-05:00,0.0089110245522442,1
2022-11-22 00:00:00-05:00,-0.0076277621818208,-1
2022-11-23 00:00:00-05:00,-0.0213742211651146,-1
2022-11-25 00:00:00-05:00,-0.0058566393717865,-1
2022-11-28 00:00:00-05:00,-0.0200289344226724,-1
2022-11-29 00:00:00-05:00,0.0481611969215944,1
2022-11-30 00:00:00-05:00,-0.0151811611989219,-1
2022-12-01 00:00:00-05:00,0.0124006069053712,1
2022-12-02 00:00:00-05:00,-0.0047369941260215,-1
2022-12-05 00:00:00-05:00,-0.0331814860036528,-1
2022-12-06 00:00:00-05:00,0.0011954101129478,1
2022-12-07 00:00:00-05:00,-0.0001403286608481,-1
2022-12-08 00:00:00-05:00,0.0025289888012927,1
2022-12-09 00:00:00-05:00,0.0476523866122984,1
2022-12-12 00:00:00-05:00,-0.0277589728566261,-1
2022-12-13 00:00:00-05:00,-0.0291710605870223,-1
2022-12-14 00:00:00-05:00,-0.0313230977708619,-1
2022-12-15 00:00:00-05:00,-0.0115588260474688,-1
2022-12-16 00:00:00-05:00,-0.0275332634528866,-1
2022-12-19 00:00:00-05:00,0.0121013600886074,1
2022-12-20 00:00:00-05:00,0.0103025837012534,1
2022-12-21 00:00:00-05:00,-0.0255305458971588,-1
2022-12-22 00:00:00-05:00,0.0035134785274317,1
2022-12-23 00:00:00-05:00,-0.0130155219371552,-1
2022-12-27 00:00:00-05:00,-0.0129560086701493,-1
2022-12-28 00:00:00-05:00,0.003281572140316,1
2022-12-29 00:00:00-05:00,0.0145626145847621,1
2022-12-30 00:00:00-05:00,-0.0260208188636244,-1
2023-01-03 00:00:00-05:00,0.0018913656788983,1
2023-01-04 00:00:00-05:00,-0.0088098555309338,-1
2023-01-05 00:00:00-05:00,0.0353939736449378,1
2023-01-06 00:00:00-05:00,-0.0016093895831143,-1
2023-01-09 00:00:00-05:00,0.0076002509336103,1
2023-01-10 00:00:00-05:00,0.020038023437161,1
2023-01-11 00:00:00-05:00,-0.0138185171079126,-1
2023-01-12 00:00:00-05:00,0.0212072462190181,1
2023-01-13 00:00:00-05:00,0.0147593649859861,1
2023-01-17 00:00:00-05:00,-0.0200263018908438,-1
2023-01-18 00:00:00-05:00,0.0089499021491845,1
2023-01-19 00:00:00-05:00,0.0209933287371522,1
2023-01-20 00:00:00-05:00,0.0158560262003657,1
2023-01-23 00:00:00-05:00,0.0041336542978571,1
2023-01-24 00:00:00-05:00,0.0161826537603288,1
2023-01-25 00:00:00-05:00,-6.972595085928007e-05,-1
2023-01-26 00:00:00-05:00,0.0125732759407297,1
2023-01-27 00:00:00-05:00,-0.0155905255002476,-1
2023-01-30 00:00:00-05:00,0.0089001813402346,1
2023-01-31 00:00:00-05:00,0.0342429570987153,1
2023-02-01 00:00:00-05:00,-0.0058428851509149,-1
2023-02-02 00:00:00-05:00,0.0306696237504603,1
2023-02-03 00:00:00-05:00,-0.0126498778883427,-1
2023-02-06 00:00:00-05:00,0.0215079578551714,1
2023-02-07 00:00:00-05:00,-0.0006497642564856,-1
2023-02-08 00:00:00-05:00,-0.026608137990849,-1
2023-02-09 00:00:00-05:00,0.0099690774132329,1
2023-02-10 00:00:00-05:00,0.0077509968007633,1
2023-02-13 00:00:00-05:00,0.0065079218217747,1
2023-02-14 00:00:00-05:00,0.0026127436914438,1
2023-02-15 00:00:00-05:00,-0.0075565850394368,-1
2023-02-16 00:00:00-05:00,-0.0141124021076497,-1
2023-02-17 00:00:00-05:00,-0.0088546211525258,-1
2023-02-21 00:00:00-05:00,0.0081951765789072,1
2023-02-22 00:00:00-05:00,-0.0198551222986436,-1
2023-02-23 00:00:00-05:00,0.0040789652235561,1
2023-02-24 00:00:00-05:00,-0.0044684958011537,-1
2023-02-27 00:00:00-05:00,-0.00149614121945,-1
2023-02-28 00:00:00-05:00,-0.0166858105802546,-1
2023-03-01 00:00:00-05:00,0.0253498123079496,1
2023-03-02 00:00:00-05:00,0.0388408729256909,1
2023-03-03 00:00:00-05:00,-0.0005852071881452,-1
2023-03-06 00:00:00-05:00,-0.0057905204437666,-1
2023-03-07 00:00:00-05:00,0.0049079578117997,1
2023-03-08 00:00:00-05:00,-0.0218156839150246,-1
2023-03-09 00:00:00-05:00,-0.0159773267738883,-1
2023-03-10 00:00:00-05:00,0.023476078879118,1
2023-03-13 00:00:00-04:00,-0.0005950837441077,-1
2023-03-14 00:00:00-04:00,0.0064156474660815,1
2023-03-15 00:00:00-04:00,0.0257624326128038,1
2023-03-16 00:00:00-04:00,-0.0064711012212996,-1
2023-03-17 00:00:00-04:00,0.0145096560674646,1
2023-03-20 00:00:00-04:00,0.0125857482613593,1
2023-03-21 00:00:00-04:00,-0.0029504191188976,-1
2023-03-22 00:00:00-04:00,0.0001891218981698,1
2023-03-23 00:00:00-04:00,0.0067981980006934,1
2023-03-24 00:00:00-04:00,-0.0123169834434475,-1
2023-03-27 00:00:00-04:00,0.0088623375686364,1
2023-03-28 00:00:00-04:00,0.0135533822187551,1
2023-03-29 00:00:00-04:00,0.0056337052379648,1
2023-03-30 00:00:00-04:00,0.0112655011159516,1
2023-03-31 00:00:00-04:00,0.0141840965687617,1
2023-04-03 00:00:00-04:00,-0.0111644744402539,-1
2023-04-04 00:00:00-04:00,-0.0140219974790369,-1
2023-04-05 00:00:00-04:00,-0.0062182523757502,-1
2023-04-06 00:00:00-04:00,0.0057614387722174,1
2023-04-10 00:00:00-04:00,-0.0069601855009339,-1
2023-04-11 00:00:00-04:00,0.0025432995308499,1
2023-04-12 00:00:00-04:00,0.0183130557469034,1
2023-04-13 00:00:00-04:00,0.0030379924308152,1
2023-04-14 00:00:00-04:00,0.0061178902965516,1
2023-04-17 00:00:00-04:00,-0.0018059293046867,-1
2023-04-18 00:00:00-04:00,0.0017488770674192,1
2023-04-19 00:00:00-04:00,-0.0062617115107323,-1
2023-04-20 00:00:00-04:00,-0.0003027343966653,-1
2023-04-21 00:00:00-04:00,0.0011514692676551,1
2023-04-24 00:00:00-04:00,-0.0128944366842185,-1
2023-04-25 00:00:00-04:00,0.0130628688714083,1
2023-04-26 00:00:00-04:00,0.019976900029397,1
2023-04-27 00:00:00-04:00,0.0046885936402788,1
2023-04-28 00:00:00-04:00,0.004784846329604,1
2023-05-01 00:00:00-04:00,-0.0034683826791501,-1
2023-05-02 00:00:00-04:00,-0.0271977516824449,-1
2023-05-03 00:00:00-04:00,0.0369336715133621,1
2023-05-04 00:00:00-04:00,0.0087731102471324,1
2023-05-05 00:00:00-04:00,0.0033046417156356,1
2023-05-08 00:00:00-04:00,-0.0001732644198173,-1
2023-05-09 00:00:00-04:00,0.0047969050346722,1
2023-05-10 00:00:00-04:00,5.8380593127807496e-05,1
2023-05-11 00:00:00-04:00,-0.0026494146803006,-1
2023-05-12 00:00:00-04:00,-0.006756746039509,-1
2023-05-15 00:00:00-04:00,-0.0016279669012146,-1
2023-05-16 00:00:00-04:00,0.0075127098430028,1
2023-05-17 00:00:00-04:00,0.0195953235058153,1
2023-05-18 00:00:00-04:00,-0.0136628875304415,-1
2023-05-19 00:00:00-04:00,-0.0048856553145314,-1
2023-05-22 00:00:00-04:00,-0.0117829178822755,-1
2023-05-23 00:00:00-04:00,0.0077152696682922,1
2023-05-24 00:00:00-04:00,0.0052781170223502,1
2023-05-25 00:00:00-04:00,0.0210015031129951,1
2023-05-26 00:00:00-04:00,0.0020909012996538,1
2023-05-30 00:00:00-04:00,0.002086493386824,1
2023-05-31 00:00:00-04:00,0.0187392802487609,1
2023-06-01 00:00:00-04:00,0.0088383649317238,1
2023-06-02 00:00:00-04:00,-0.0145648862187348,-1
2023-06-05 00:00:00-04:00,-0.0085014544749971,-1
2023-06-06 00:00:00-04:00,-0.0030264063850245,-1
2023-06-07 00:00:00-04:00,0.0202363436207595,1
2023-06-08 00:00:00-04:00,-0.0012672516892409,-1
2023-06-09 00:00:00-04:00,0.0084405031265352,1
2023-06-12 00:00:00-04:00,0.0031181207205549,1
2023-06-13 00:00:00-04:00,0.0032175280614226,1
2023-06-14 00:00:00-04:00,0.0150574998804344,1
2023-06-15 00:00:00-04:00,-0.0124240882521927,-1
2023-06-16 00:00:00-04:00,0.0026568792290587,1
2023-06-20 00:00:00-04:00,-0.0062736487985543,-1
2023-06-21 00:00:00-04:00,0.0098509861077111,1
2023-06-22 00:00:00-04:00,0.0068983006498179,1
2023-06-23 00:00:00-04:00,-0.0050313329755729,-1
2023-06-26 00:00:00-04:00,0.0109743880776411,1
2023-06-27 00:00:00-04:00,0.0061192855071743,1
2023-06-28 00:00:00-04:00,0.0134863385120323,1
2023-06-29 00:00:00-04:00,0.0112196005316321,1
2023-06-30 00:00:00-04:00,-0.0114047340316383,-1
2023-07-03 00:00:00-04:00,-0.0090308367283891,-1
2023-07-05 00:00:00-04:00,0.0082702283976966,1
2023-07-06 00:00:00-04:00,-0.0112324795526787,-1
2023-07-07 00:00:00-04:00,-0.0005282901912711,-1
2023-07-10 00:00:00-04:00,0.002749126429459,1
2023-07-11 00:00:00-04:00,0.004322961887038,1
2023-07-12 00:00:00-04:00,-0.0014174338618653,-1
2023-07-13 00:00:00-04:00,0.0087788984178121,1
2023-07-14 00:00:00-04:00,0.007555973096085,1
2023-07-17 00:00:00-04:00,-0.0012929274643161,-1
2023-07-18 00:00:00-04:00,0.0103054583869438,1
2023-07-19 00:00:00-04:00,-0.0050743971869623,-1
2023-07-20 00:00:00-04:00,-0.0035549895236254,-1
2023-07-21 00:00:00-04:00,-0.0004136540948818,-1
2023-07-24 00:00:00-04:00,0.0017586856096718,1
2023-07-25 00:00:00-04:00,0.0121341501754784,1
2023-07-26 00:00:00-04:00,-0.0068872080540206,-1
2023-07-27 00:00:00-04:00,0.0071403892381101,1
2023-07-28 00:00:00-04:00,0.0009181883179877,1
2023-07-31 00:00:00-04:00,-0.0061151436555708,-1
2023-08-01 00:00:00-04:00,-0.0177912494851287,-1
2023-08-02 00:00:00-04:00,-0.0315811104009736,-1
2023-08-03 00:00:00-04:00,-0.0182729589869326,-1
2023-08-04 00:00:00-04:00,-0.0133969789786316,-1
2023-08-07 00:00:00-04:00,0.006566873564489,1
2023-08-08 00:00:00-04:00,-0.0076850673514092,-1
2023-08-09 00:00:00-04:00,-0.0107007398100565,-1
2023-08-10 00:00:00-04:00,0.0036657921916974,1
2023-08-11 00:00:00-04:00,0.0051131472168835,1
2023-08-14 00:00:00-04:00,-0.0097829836821369,-1
2023-08-15 00:00:00-04:00,5.631261787805196e-05,1
2023-08-16 00:00:00-04:00,-0.0273229754673616,-1
2023-08-17 00:00:00-04:00,0.0160766382971547,1
2023-08-18 00:00:00-04:00,0.0113669121524356,1
2023-08-21 00:00:00-04:00,0.0082458593380013,1
2023-08-22 00:00:00-04:00,0.012043249592686,1
2023-08-23 00:00:00-04:00,-0.0182098088392108,-1
2023-08-24 00:00:00-04:00,0.0152777729247134,1
2023-08-25 00:00:00-04:00,-0.0021655552570693,-1
2023-08-28 00:00:00-04:00,0.0291598161480385,1
2023-08-29 00:00:00-04:00,0.0156807015021684,1
2023-08-30 00:00:00-04:00,0.0087840956318609,1
2023-08-31 00:00:00-04:00,-0.0063855443989218,-1
2023-09-01 00:00:00-04:00,0.0006372285022582,1
2023-09-05 00:00:00-04:00,-0.0701698805754135,-1
2023-09-06 00:00:00-04:00,0.0180957591725026,1
2023-09-07 00:00:00-04:00,0.0096439908054607,1
2023-09-08 00:00:00-04:00,-0.0032210287123194,-1
2023-09-11 00:00:00-04:00,-0.0166025676581713,-1
2023-09-12 00:00:00-04:00,-0.0142201461007387,-1
2023-09-13 00:00:00-04:00,0.0142528536189508,1
2023-09-14 00:00:00-04:00,-2.523833633994887e-08,-1
2023-09-15 00:00:00-04:00,0.0058931030874334,1
2023-09-18 00:00:00-04:00,0.0098015859526887,1
2023-09-19 00:00:00-04:00,-0.0262745301092414,-1
2023-09-20 00:00:00-04:00,0.0006872553931118,1
2023-09-21 00:00:00-04:00,-0.0026906952352973,-1
2023-09-22 00:00:00-04:00,0.0035593643891201,1
2023-09-25 00:00:00-04:00,-0.0125845111832055,-1
2023-09-26 00:00:00-04:00,-0.0190013008723733,-1
2023-09-27 00:00:00-04:00,0.0158263099286678,1
2023-09-28 00:00:00-04:00,-0.0046508794073572,-1
2023-09-29 00:00:00-04:00,0.0060741926593227,1
2023-10-02 00:00:00-04:00,-0.0067921211053769,-1
2023-10-03 00:00:00-04:00,0.0157811669752364,1
2023-10-04 00:00:00-04:00,5.7619031894808136e-05,1
2023-10-05 00:00:00-04:00,0.0173187971248728,1
2023-10-06 00:00:00-04:00,0.0072959174990583,1
2023-10-09 00:00:00-04:00,0.0005614270624177,1
2023-10-10 00:00:00-04:00,0.0104938581051513,1
2023-10-11 00:00:00-04:00,0.0074970938167537,1
2023-10-12 00:00:00-04:00,-0.025741432248987,-1
2023-10-13 00:00:00-04:00,-0.000565694876463,-1
2023-10-16 00:00:00-04:00,-0.0060572255633478,-1
2023-10-17 00:00:00-04:00,0.0026198888807969,1
2023-10-18 00:00:00-04:00,-0.0041466942229716,-1
2023-10-19 00:00:00-04:00,-0.025098465072387,-1
2023-10-20 00:00:00-04:00,0.0125213289059164,1
2023-10-23 00:00:00-04:00,-0.0067612723709845,-1
2023-10-24 00:00:00-04:00,-0.0087850656517286,-1
2023-10-25 00:00:00-04:00,-0.0203088640589,-1
2023-10-26 00:00:00-04:00,0.0126416388314755,1
2023-10-27 00:00:00-04:00,0.0019523801419513,1
2023-10-30 00:00:00-04:00,0.0097432217090274,1
2023-10-31 00:00:00-04:00,0.0264327529164342,1
2023-11-01 00:00:00-04:00,-0.0072926673933105,-1
2023-11-02 00:00:00-04:00,0.0122819289785076,1
2023-11-03 00:00:00-04:00,0.0158748538899258,1
2023-11-06 00:00:00-05:00,0.0176918196524484,1
2023-11-07 00:00:00-05:00,0.0033451085115522,1
2023-11-08 00:00:00-05:00,0.0068449324610134,1
2023-11-09 00:00:00-05:00,0.0100561040722783,1
2023-11-10 00:00:00-05:00,0.0101171500977551,1
2023-11-13 00:00:00-05:00,0.000799399868195,1
2023-11-14 00:00:00-05:00,0.0091561917006045,1
2023-11-15 00:00:00-05:00,0.0035869235923306,1
2023-11-16 00:00:00-05:00,-0.0018922415103791,-1
2023-11-17 00:00:00-05:00,0.0080046050781074,1
2023-11-20 00:00:00-05:00,0.0004181054668668,1
2023-11-21 00:00:00-05:00,-0.0032378684096903,-1
2023-11-22 00:00:00-05:00,-0.0049772234730125,-1
2023-11-24 00:00:00-05:00,-0.0007371484806327,-1
2023-11-27 00:00:00-05:00,0.0059015017224877,1
2023-11-28 00:00:00-05:00,-0.0055524216170599,-1
2023-11-29 00:00:00-05:00,0.0025809827020293,1
2023-11-30 00:00:00-05:00,-0.0018389250157518,-1
2023-12-01 00:00:00-05:00,0.0012108222448495,1
2023-12-04 00:00:00-05:00,0.022291064692177,1
2023-12-05 00:00:00-05:00,-0.0042170929689606,-1
2023-12-06 00:00:00-05:00,0.0029437895261118,1
2023-12-07 00:00:00-05:00,-0.0056127689154469,-1
2023-12-08 00:00:00-05:00,-0.0001553381191445,-1
2023-12-11 00:00:00-05:00,0.0104102948890588,1
2023-12-12 00:00:00-05:00,0.0150186685150588,1
2023-12-13 00:00:00-05:00,-0.0024745316560502,-1
2023-12-14 00:00:00-05:00,-0.0072900485077035,-1
2023-12-15 00:00:00-05:00,0.0003569210653912,1
2023-12-18 00:00:00-05:00,0.0037724041005182,1
2023-12-19 00:00:00-05:00,-0.0040629122916347,-1
2023-12-20 00:00:00-05:00,-0.004691565834855,-1
